2024-12-06 20:13:52.119+0000 INFO  [o.n.g.f.m.GlobalModule] Logging config in use: Embedded default config 'default-server-logs.xml'
2024-12-06 20:13:52.250+0000 WARN  [o.n.k.i.JvmChecker] The max heap memory has not been configured. It is recommended that it is always explicitly configured, to ensure the system has a balanced configuration. Until then, a JVM computed heuristic of 4143972352 bytes is used instead. If you are running neo4j server, you need to configure server.memory.heap.max_size in neo4j.conf. If you are running neo4j embedded, you have to launch the JVM with -Xmx set to a value. You can run neo4j-admin server memory-recommendation for memory configuration suggestions.
2024-12-06 20:13:52.253+0000 WARN  [o.n.k.i.JvmChecker] The initial heap memory has not been configured. It is recommended that it is always explicitly configured, to ensure the system has a balanced configuration. Until then, a JVM computed heuristic of 260046848 bytes is used instead. If you are running neo4j server, you need to configure server.memory.heap.initial_size in neo4j.conf. If you are running neo4j embedded, you have to launch the JVM with -Xms set to a value. You can run neo4j-admin server memory-recommendation for memory configuration suggestions.
2024-12-06 20:13:52.270+0000 WARN  [o.n.i.p.PageCache] Reflection access to java.nio.DirectByteBuffer is not available, using fallback mode. This could have negative impact on performance and memory usage. Consider adding --add-opens=java.base/java.nio=ALL-UNNAMED to VM options.
2024-12-06 20:13:52.339+0000 INFO  [o.n.i.d.DiagnosticsManager] 
                                                                ********************************************************************************
                                                                                             [ System diagnostics ]                             
                                                                ********************************************************************************
                                                                --------------------------------------------------------------------------------
                                                                                         [ System memory information ]                          
                                                                --------------------------------------------------------------------------------
                                                                Total Physical memory: 15.43GiB
                                                                Free Physical memory: 13.79GiB
                                                                Committed virtual memory: 8.531GiB
                                                                Total swap space: 4.000GiB
                                                                Free swap space: 4.000GiB
                                                                
                                                                --------------------------------------------------------------------------------
                                                                                           [ JVM memory information ]                           
                                                                --------------------------------------------------------------------------------
                                                                Free  memory: 83.01MiB
                                                                Total memory: 114.0MiB
                                                                Max   memory: 3.859GiB
                                                                Garbage Collector: G1 Young Generation: [G1 Eden Space, G1 Survivor Space, G1 Old Gen]
                                                                Garbage Collector: G1 Old Generation: [G1 Eden Space, G1 Survivor Space, G1 Old Gen]
                                                                Memory Pool: CodeHeap 'non-nmethods' (Non-heap memory): committed=3.500MiB, used=3.423MiB, max=7.816MiB, threshold=0B
                                                                Memory Pool: Metaspace (Non-heap memory): committed=21.81MiB, used=21.46MiB, max=-1B, threshold=0B
                                                                Memory Pool: CodeHeap 'profiled nmethods' (Non-heap memory): committed=5.188MiB, used=5.165MiB, max=116.1MiB, threshold=0B
                                                                Memory Pool: Compressed Class Space (Non-heap memory): committed=2.500MiB, used=2.309MiB, max=1.000GiB, threshold=0B
                                                                Memory Pool: G1 Eden Space (Heap memory): committed=84.00MiB, used=2.000MiB, max=-1B, threshold=?
                                                                Memory Pool: G1 Old Gen (Heap memory): committed=26.00MiB, used=24.58MiB, max=3.859GiB, threshold=0B
                                                                Memory Pool: G1 Survivor Space (Heap memory): committed=4.000MiB, used=3.165MiB, max=-1B, threshold=?
                                                                Memory Pool: CodeHeap 'non-profiled nmethods' (Non-heap memory): committed=2.438MiB, used=1.361MiB, max=116.1MiB, threshold=0B
                                                                
                                                                --------------------------------------------------------------------------------
                                                                                        [ Operating system information ]                        
                                                                --------------------------------------------------------------------------------
                                                                Operating System: Linux; version: 5.15.167.4-microsoft-standard-WSL2; arch: amd64; cpus: 32
                                                                Max number of file descriptors: 1048576
                                                                Number of open file descriptors: 256
                                                                Process id: 7
                                                                Byte order: LITTLE_ENDIAN
                                                                Local timezone: Etc/UTC
                                                                Memory page size: 4096
                                                                Unaligned memory access allowed: true
                                                                
                                                                --------------------------------------------------------------------------------
                                                                                              [ JVM information ]                               
                                                                --------------------------------------------------------------------------------
                                                                VM Name: OpenJDK 64-Bit Server VM
                                                                VM Vendor: Eclipse Adoptium
                                                                VM Version: 17.0.13+11
                                                                JIT compiler: HotSpot 64-Bit Tiered Compilers
                                                                VM Arguments: [-Dfile.encoding=UTF-8]
                                                                
                                                                --------------------------------------------------------------------------------
                                                                                               [ Java classpath ]                               
                                                                --------------------------------------------------------------------------------
                                                                 [classpath] /var/lib/neo4j/lib/neo4j-graph-algo-5.25.1.jar
                                                                 [classpath] /var/lib/neo4j/lib/netty-codec-socks-4.1.113.Final.jar
                                                                 [classpath] /var/lib/neo4j/lib/neo4j-cypher-javacc-parser-5.25.1.jar
                                                                 [classpath] /var/lib/neo4j/lib/cypher-v5-literal-interpreter-5.25.1.jar
                                                                 [classpath] /var/lib/neo4j/lib/neo4j-slf4j-provider-5.25.1.jar
                                                                 [classpath] /var/lib/neo4j/lib/neo4j-graphdb-api-5.25.1.jar
                                                                 [classpath] /var/lib/neo4j/lib/jaxb-runtime-2.3.2.jar
                                                                 [classpath] /var/lib/neo4j/lib/antlr4-runtime-4.13.2.jar
                                                                 [classpath] /var/lib/neo4j/lib/caffeine-3.1.8.jar
                                                                 [classpath] /var/lib/neo4j/lib/magnolia_2.13-1.1.8.jar
                                                                 [classpath] /var/lib/neo4j/lib/scala-library-2.13.11.jar
                                                                 [classpath] /var/lib/neo4j/lib/netty-codec-4.1.113.Final.jar
                                                                 [classpath] /var/lib/neo4j/lib/commons-compress-1.27.1.jar
                                                                 [classpath] /var/lib/neo4j/lib/proto-google-common-protos-2.41.0.jar
                                                                 [classpath] /var/lib/neo4j/lib/protobuf-java-util-3.25.1.jar
                                                                 [classpath] /var/lib/neo4j/conf/*
                                                                 [classpath] /var/lib/neo4j/lib/parquet-column-1.14.3.jar
                                                                 [classpath] /var/lib/neo4j/lib/WMI4Java-1.6.3.jar
                                                                 [classpath] /var/lib/neo4j/lib/netty-transport-native-kqueue-4.1.113.Final-osx-aarch_64.jar
                                                                 [classpath] /var/lib/neo4j/lib/jakarta.xml.bind-api-2.3.2.jar
                                                                 [classpath] /var/lib/neo4j/lib/jProcesses-1.6.5.jar
                                                                 [classpath] /var/lib/neo4j/lib/parquet-hadoop-1.14.3.jar
                                                                 [classpath] /var/lib/neo4j/lib/hk2-locator-2.6.1.jar
                                                                 [classpath] /var/lib/neo4j/lib/cypher-v5-ast-factory-5.25.1.jar
                                                                 [classpath] /var/lib/neo4j/lib/parquet-format-structures-1.14.3.jar
                                                                 [classpath] /var/lib/neo4j/lib/animal-sniffer-annotations-1.24.jar
                                                                 [classpath] /var/lib/neo4j/lib/grpc-netty-1.66.0.jar
                                                                 [classpath] /var/lib/neo4j/lib/netty-common-4.1.113.Final.jar
                                                                 [classpath] /var/lib/neo4j/lib/jetty-alpn-server-10.0.24.jar
                                                                 [classpath] /var/lib/neo4j/lib/eclipse-collections-api-11.1.0.jar
                                                                 [classpath] /var/lib/neo4j/lib/netty-codec-http2-4.1.113.Final.jar
                                                                 [classpath] /var/lib/neo4j/lib/jetty-io-10.0.24.jar
                                                                 [classpath] /var/lib/neo4j/lib/neo4j-cypher-logical-plans-5.25.1.jar
                                                                 [classpath] /var/lib/neo4j/lib/jansi-2.4.0.jar
                                                                 [classpath] /var/lib/neo4j/lib/neo4j-logging-5.25.1.jar
                                                                 [classpath] /var/lib/neo4j/lib/neo4j-query-router-5.25.1.jar
                                                                 [classpath] /var/lib/neo4j/lib/jline-terminal-3.21.0.jar
                                                                 [classpath] /var/lib/neo4j/lib/ipaddress-5.5.1.jar
                                                                 [classpath] /var/lib/neo4j/lib/neo4j-cypher-cache-5.25.1.jar
                                                                 [classpath] /var/lib/neo4j/lib/neo4j-bootcheck-5.25.1.jar
                                                                 [classpath] /var/lib/neo4j/lib/lucene-queryparser-9.11.1.jar
                                                                 [classpath] /var/lib/neo4j/lib/neo4j-wal-5.25.1.jar
                                                                 [classpath] /var/lib/neo4j/lib/parquet-common-1.14.3.jar
                                                                 [classpath] /var/lib/neo4j/lib/neo4j-cypher-rendering-5.25.1.jar
                                                                 [classpath] /var/lib/neo4j/lib/shiro-lang-2.0.1.jar
                                                                 [classpath] /var/lib/neo4j/lib/neo4j-csv-5.25.1.jar
                                                                 [classpath] /var/lib/neo4j/lib/kiama_2.13-2.5.1.jar
                                                                 [classpath] /var/lib/neo4j/lib/jakarta.ws.rs-api-2.1.6.jar
                                                                 [classpath] /var/lib/neo4j/lib/parquet-encoding-1.14.3.jar
                                                                 [classpath] /var/lib/neo4j/lib/jackson-databind-2.17.2.jar
                                                                 [classpath] /var/lib/neo4j/lib/lucene-analysis-common-9.11.1.jar
                                                                 [classpath] /var/lib/neo4j/lib/neo4j-cloud-5.25.1.jar
                                                                 [classpath] /var/lib/neo4j/lib/cypher-v25-ast-factory-5.25.1.jar
                                                                 [classpath] /var/lib/neo4j/lib/istack-commons-runtime-3.0.8.jar
                                                                 [classpath] /var/lib/neo4j/lib/jetty-servlet-api-4.0.6.jar
                                                                 [classpath] /var/lib/neo4j/lib/eclipse-collections-11.1.0.jar
                                                                 [classpath] /var/lib/neo4j/lib/jetty-xml-10.0.24.jar
                                                                 [classpath] /var/lib/neo4j/lib/neo4j-procedure-5.25.1.jar
                                                                 [classpath] /var/lib/neo4j/lib/server-api-5.25.1.jar
                                                                 [classpath] /var/lib/neo4j/lib/commons-text-1.12.0.jar
                                                                 [classpath] /var/lib/neo4j/lib/neo4j-values-5.25.1.jar
                                                                 [classpath] /var/lib/neo4j/lib/neo4j-import-tool-5.25.1.jar
                                                                 [classpath] /var/lib/neo4j/lib/cypher-v25-parser-listener-5.25.1.jar
                                                                 [classpath] /var/lib/neo4j/lib/neo4j-monitoring-5.25.1.jar
                                                                 [classpath] /var/lib/neo4j/lib/picocli-4.7.6.jar
                                                                 [classpath] /var/lib/neo4j/lib/jakarta.validation-api-2.0.2.jar
                                                                 [classpath] /var/lib/neo4j/lib/neo4j-command-line-5.25.1.jar
                                                                 [classpath] /var/lib/neo4j/lib/netty-transport-classes-kqueue-4.1.113.Final.jar
                                                                 [classpath] /var/lib/neo4j/lib/neo4j-record-storage-engine-5.25.1.jar
                                                                 [classpath] /var/lib/neo4j/lib/jackson-datatype-jdk8-2.17.0.jar
                                                                 [classpath] /var/lib/neo4j/lib/neo4j-cypher-ast-factory-5.25.1.jar
                                                                 [classpath] /var/lib/neo4j/lib/hk2-utils-2.6.1.jar
                                                                 [classpath] /var/lib/neo4j/lib/stax-ex-1.8.1.jar
                                                                 [classpath] /var/lib/neo4j/lib/neo4j-id-generator-5.25.1.jar
                                                                 [classpath] /var/lib/neo4j/lib/txw2-2.3.2.jar
                                                                 [classpath] /var/lib/neo4j/lib/log4j-api-2.20.0.jar
                                                                 [classpath] /var/lib/neo4j/lib/neo4j-notifications-5.25.1.jar
                                                                 [classpath] /var/lib/neo4j/lib/netty-buffer-4.1.113.Final.jar
                                                                 [classpath] /var/lib/neo4j/lib/arrow-memory-core-17.0.0.jar
                                                                 [classpath] /var/lib/neo4j/lib/argparse4j-0.9.0.jar
                                                                 [classpath] /var/lib/neo4j/lib/cypher-parser-factory-5.25.1.jar
                                                                 [classpath] /var/lib/neo4j/lib/log4j-core-2.20.0.jar
                                                                 [classpath] /var/lib/neo4j/lib/reactor-core-3.6.10.jar
                                                                 [classpath] /var/lib/neo4j/lib/jetty-security-10.0.24.jar
                                                                 [classpath] /var/lib/neo4j/lib/grpc-protobuf-lite-1.66.0.jar
                                                                 [classpath] /var/lib/neo4j/lib/flight-core-17.0.0.jar
                                                                 [classpath] /var/lib/neo4j/lib/jackson-jaxrs-base-2.17.2.jar
                                                                 [classpath] /var/lib/neo4j/lib/neo4j-util-5.25.1.jar
                                                                 [classpath] /var/lib/neo4j/lib/neo4j-collections-5.25.1.jar
                                                                 [classpath] /var/lib/neo4j/lib/arrow-vector-17.0.0.jar
                                                                 [classpath] /var/lib/neo4j/lib/cypher-v5-parser-listener-5.25.1.jar
                                                                 [classpath] /var/lib/neo4j/lib/shiro-crypto-core-2.0.1.jar
                                                                 [classpath] /var/lib/neo4j/lib/http2-common-10.0.24.jar
                                                                 [classpath] /var/lib/neo4j/lib/lucene-backward-codecs-9.11.1.jar
                                                                 [classpath] /var/lib/neo4j/lib/netty-transport-4.1.113.Final.jar
                                                                 [classpath] /var/lib/neo4j/lib/parquet-jackson-1.14.3.jar
                                                                 [classpath] /var/lib/neo4j/lib/neo4j-bolt-5.25.1.jar
                                                                 [classpath] /var/lib/neo4j/lib/neo4j-native-5.25.1.jar
                                                                 [classpath] /var/lib/neo4j/lib/neo4j-storage-engine-util-5.25.1.jar
                                                                 [classpath] /var/lib/neo4j/lib/cypher-v5-antlr-parser-5.25.1.jar
                                                                 [classpath] /var/lib/neo4j/lib/neo4j-cypher-5.25.1.jar
                                                                 [classpath] /var/lib/neo4j/lib/jetty-http-10.0.24.jar
                                                                 [classpath] /var/lib/neo4j/lib/jetty-webapp-10.0.24.jar
                                                                 [classpath] /var/lib/neo4j/lib/neo4j-concurrent-5.25.1.jar
                                                                 [classpath] /var/lib/neo4j/lib/neo4j-token-api-5.25.1.jar
                                                                 [classpath] /var/lib/neo4j/lib/cypher-antlr-common-5.25.1.jar
                                                                 [classpath] /var/lib/neo4j/lib/jackson-core-2.17.2.jar
                                                                 [classpath] /var/lib/neo4j/lib/netty-transport-classes-epoll-4.1.113.Final.jar
                                                                 [classpath] /var/lib/neo4j/lib/grpc-stub-1.66.0.jar
                                                                 [classpath] /var/lib/neo4j/lib/netty-codec-http-4.1.113.Final.jar
                                                                 [classpath] /var/lib/neo4j/lib/shiro-cache-2.0.1.jar
                                                                 [classpath] /var/lib/neo4j/lib/scala-collection-contrib_2.13-0.3.0.jar
                                                                 [classpath] /var/lib/neo4j/lib/jersey-container-servlet-2.43.jar
                                                                 [classpath] /var/lib/neo4j/lib/commons-codec-1.17.1.jar
                                                                 [classpath] /var/lib/neo4j/lib/cypher-parser-common-5.25.1.jar
                                                                 [classpath] /var/lib/neo4j/lib/jetty-server-10.0.24.jar
                                                                 [classpath] /var/lib/neo4j/lib/jetty-util-10.0.24.jar
                                                                 [classpath] /var/lib/neo4j/lib/jPowerShell-3.0.jar
                                                                 [classpath] /var/lib/neo4j/lib/shiro-hashes-argon2-2.0.1.jar
                                                                 [classpath] /var/lib/neo4j/lib/neo4j-exceptions-5.25.1.jar
                                                                 [classpath] /var/lib/neo4j/lib/neo4j-gql-status-5.25.1.jar
                                                                 [classpath] /var/lib/neo4j/lib/reactive-streams-1.0.4.jar
                                                                 [classpath] /var/lib/neo4j/lib/neo4j-index-5.25.1.jar
                                                                 [classpath] /var/lib/neo4j/lib/grpc-util-1.66.0.jar
                                                                 [classpath] /var/lib/neo4j/lib/jackson-annotations-2.17.2.jar
                                                                 [classpath] /var/lib/neo4j/lib/neo4j-fulltext-index-5.25.1.jar
                                                                 [classpath] /var/lib/neo4j/lib/neo4j-diagnostics-5.25.1.jar
                                                                 [classpath] /var/lib/neo4j/lib/neo4j-cypher-macros-5.25.1.jar
                                                                 [classpath] /var/lib/neo4j/lib/neo4j-fabric-5.25.1.jar
                                                                 [classpath] /var/lib/neo4j/lib/perfmark-api-0.27.0.jar
                                                                 [classpath] /var/lib/neo4j/lib/neo4j-cypher-config-5.25.1.jar
                                                                 [classpath] /var/lib/neo4j/lib/aircompressor-0.27.jar
                                                                 [classpath] /var/lib/neo4j/lib/netty-transport-native-kqueue-4.1.113.Final-osx-x86_64.jar
                                                                 [classpath] /var/lib/neo4j/lib/http2-server-10.0.24.jar
                                                                 [classpath] /var/lib/neo4j/lib/shiro-crypto-hash-2.0.1.jar
                                                                 [classpath] /var/lib/neo4j/lib/arrow-memory-netty-17.0.0.jar
                                                                 [classpath] /var/lib/neo4j/lib/jackson-jaxrs-json-provider-2.17.2.jar
                                                                 [classpath] /var/lib/neo4j/lib/listenablefuture-9999.0-empty-to-avoid-conflict-with-guava.jar
                                                                 [classpath] /var/lib/neo4j/lib/failureaccess-1.0.2.jar
                                                                 [classpath] /var/lib/neo4j/lib/jersey-container-servlet-core-2.43.jar
                                                                 [classpath] /var/lib/neo4j/lib/neo4j-rewriting-5.25.1.jar
                                                                 [classpath] /var/lib/neo4j/lib/neo4j-cypher-expression-evaluator-5.25.1.jar
                                                                 [classpath] /var/lib/neo4j/lib/neo4j-cypher-physical-planning-5.25.1.jar
                                                                 [classpath] /var/lib/neo4j/lib/jersey-client-2.43.jar
                                                                 [classpath] /var/lib/neo4j/lib/neo4j-browser-5.24.0.jar
                                                                 [classpath] /var/lib/neo4j/lib/neo4j-ssl-5.25.1.jar
                                                                 [classpath] /var/lib/neo4j/lib/shiro-core-2.0.1.jar
                                                                 [classpath] /var/lib/neo4j/lib/grpc-context-1.66.0.jar
                                                                 [classpath] /var/lib/neo4j/lib/jersey-server-2.43.jar
                                                                 [classpath] /var/lib/neo4j/lib/cypher-parser-ast-common-5.25.1.jar
                                                                 [classpath] /var/lib/neo4j/lib/netty-tcnative-classes-2.0.66.Final.jar
                                                                 [classpath] /var/lib/neo4j/lib/javax.annotation-api-1.3.2.jar
                                                                 [classpath] /var/lib/neo4j/lib/neo4j-spatial-index-5.25.1.jar
                                                                 [classpath] /var/lib/neo4j/lib/http2-hpack-10.0.24.jar
                                                                 [classpath] /var/lib/neo4j/lib/shiro-hashes-bcrypt-2.0.1.jar
                                                                 [classpath] /var/lib/neo4j/lib/cypher-ast-factory-5.25.1.jar
                                                                 [classpath] /var/lib/neo4j/lib/neo4j-front-end-5.25.1.jar
                                                                 [classpath] /var/lib/neo4j/lib/neo4j-configuration-5.25.1.jar
                                                                 [classpath] /var/lib/neo4j/lib/neo4j-schema-5.25.1.jar
                                                                 [classpath] /var/lib/neo4j/lib/neo4j-data-collector-5.25.1.jar
                                                                 [classpath] /var/lib/neo4j/lib/neo4j-common-5.25.1.jar
                                                                 [classpath] /var/lib/neo4j/lib/netty-transport-native-epoll-4.1.113.Final-linux-x86_64.jar
                                                                 [classpath] /var/lib/neo4j/lib/grpc-api-1.66.0.jar
                                                                 [classpath] /var/lib/neo4j/lib/neo4j-cypher-slotted-runtime-5.25.1.jar
                                                                 [classpath] /var/lib/neo4j/lib/cypher-shell-5.25.1.jar
                                                                 [classpath] /var/lib/neo4j/lib/grpc-protobuf-1.66.0.jar
                                                                 [classpath] /var/lib/neo4j/lib/snappy-java-1.1.10.5.jar
                                                                 [classpath] /var/lib/neo4j/lib/jna-5.14.0.jar
                                                                 [classpath] /var/lib/neo4j/lib/commons-configuration2-2.11.0.jar
                                                                 [classpath] /var/lib/neo4j/lib/neo4j-cypher-interpreted-runtime-5.25.1.jar
                                                                 [classpath] /var/lib/neo4j/lib/jline-terminal-jansi-3.21.0.jar
                                                                 [classpath] /var/lib/neo4j/lib/neo4j-kernel-api-5.25.1.jar
                                                                 [classpath] /var/lib/neo4j/lib/hk2-api-2.6.1.jar
                                                                 [classpath] /var/lib/neo4j/lib/neo4j-ast-5.25.1.jar
                                                                 [classpath] /var/lib/neo4j/lib/shiro-config-core-2.0.1.jar
                                                                 [classpath] /var/lib/neo4j/lib/neo4j-lock-5.25.1.jar
                                                                 [classpath] /var/lib/neo4j/lib/parquet-floor-1.47.jar
                                                                 [classpath] /var/lib/neo4j/lib/neo4j-cypher-ir-5.25.1.jar
                                                                 [classpath] /var/lib/neo4j/lib/neo4j-udc-5.25.1.jar
                                                                 [classpath] /var/lib/neo4j/lib/neo4j-5.25.1.jar
                                                                 [classpath] /var/lib/neo4j/lib/neo4j-procedure-api-5.25.1.jar
                                                                 [classpath] /var/lib/neo4j/lib/neo4j-cypher-planner-5.25.1.jar
                                                                 [classpath] /var/lib/neo4j/lib/neo4j-cypher-planner-spi-5.25.1.jar
                                                                 [classpath] /var/lib/neo4j/lib/shiro-event-2.0.1.jar
                                                                 [classpath] /var/lib/neo4j/lib/jsr305-3.0.2.jar
                                                                 [classpath] /var/lib/neo4j/lib/netty-handler-4.1.113.Final.jar
                                                                 [classpath] /var/lib/neo4j/lib/commons-logging-1.3.4.jar
                                                                 [classpath] /var/lib/neo4j/lib/jakarta.activation-api-1.2.2.jar
                                                                 [classpath] /var/lib/neo4j/lib/commons-lang3-3.17.0.jar
                                                                 [classpath] /var/lib/neo4j/lib/neo4j-cypher-runtime-util-5.25.1.jar
                                                                 [classpath] /var/lib/neo4j/lib/cypher-antlr-ast-common-5.25.1.jar
                                                                 [classpath] /var/lib/neo4j/lib/cypher-v25-antlr-parser-5.25.1.jar
                                                                 [classpath] /var/lib/neo4j/lib/jettison-1.5.4.jar
                                                                 [classpath] /var/lib/neo4j/lib/guava-33.3.0-jre.jar
                                                                 [classpath] /var/lib/neo4j/lib/jakarta.inject-2.6.1.jar
                                                                 [classpath] /var/lib/neo4j/lib/neo4j-import-api-5.25.1.jar
                                                                 [classpath] /plugins/thomas-neo4j-1.0.0.jar
                                                                 [classpath] /var/lib/neo4j/lib/slf4j-api-2.0.9.jar
                                                                 [classpath] /var/lib/neo4j/lib/neo4j-kernel-5.25.1.jar
                                                                 [classpath] /var/lib/neo4j/lib/neo4j-codegen-5.25.1.jar
                                                                 [classpath] /var/lib/neo4j/lib/jline-reader-3.21.0.jar
                                                                 [classpath] /var/lib/neo4j/lib/arrow-format-17.0.0.jar
                                                                 [classpath] /var/lib/neo4j/lib/gson-2.11.0.jar
                                                                 [classpath] /var/lib/neo4j/lib/netty-transport-native-epoll-4.1.113.Final-linux-aarch_64.jar
                                                                 [classpath] /var/lib/neo4j/lib/FastInfoset-1.2.16.jar
                                                                 [classpath] /var/lib/neo4j/lib/javassist-3.30.2-GA.jar
                                                                 [classpath] /var/lib/neo4j/lib/neo4j-resource-5.25.1.jar
                                                                 [classpath] /var/lib/neo4j/lib/jackson-module-jaxb-annotations-2.17.2.jar
                                                                 [classpath] /var/lib/neo4j/lib/neo4j-unsafe-5.25.1.jar
                                                                 [classpath] /var/lib/neo4j/lib/neo4j-import-util-5.25.1.jar
                                                                 [classpath] /var/lib/neo4j/lib/jersey-hk2-2.43.jar
                                                                 [classpath] /var/lib/neo4j/lib/netty-handler-proxy-4.1.113.Final.jar
                                                                 [classpath] /var/lib/neo4j/lib/neo4j-layout-5.25.1.jar
                                                                 [classpath] /var/lib/neo4j/lib/zstd-proxy-5.25.1.jar
                                                                 [classpath] /var/lib/neo4j/lib/shiro-crypto-cipher-2.0.1.jar
                                                                 [classpath] /var/lib/neo4j/lib/flatbuffers-java-24.3.25.jar
                                                                 [classpath] /var/lib/neo4j/lib/jetty-servlet-10.0.24.jar
                                                                 [classpath] /var/lib/neo4j/lib/neo4j-expressions-5.25.1.jar
                                                                 [classpath] /var/lib/neo4j/lib/neo4j-lucene-index-5.25.1.jar
                                                                 [classpath] /var/lib/neo4j/lib/neo4j-cypher-dsl-2024.1.0.jar
                                                                 [classpath] /var/lib/neo4j/lib/grpc-core-1.66.0.jar
                                                                 [classpath] /var/lib/neo4j/lib/neo4j-java-driver-5.25.0.jar
                                                                 [classpath] /var/lib/neo4j/lib/scala-reflect-2.13.11.jar
                                                                 [classpath] /var/lib/neo4j/lib/jetty-alpn-java-server-10.0.24.jar
                                                                 [classpath] /var/lib/neo4j/lib/commons-io-2.16.1.jar
                                                                 [classpath] /var/lib/neo4j/lib/jakarta.annotation-api-1.3.5.jar
                                                                 [classpath] /var/lib/neo4j/lib/protobuf-java-3.25.5.jar
                                                                 [classpath] /var/lib/neo4j/lib/jctools-core-4.0.5.jar
                                                                 [classpath] /var/lib/neo4j/lib/jackson-datatype-jsr310-2.17.1.jar
                                                                 [classpath] /var/lib/neo4j/lib/neo4j-push-to-cloud-5.25.1.jar
                                                                 [classpath] /var/lib/neo4j/lib/netty-transport-native-unix-common-4.1.113.Final.jar
                                                                 [classpath] /var/lib/neo4j/lib/neo4j-dbms-5.25.1.jar
                                                                 [classpath] /var/lib/neo4j/lib/neo4j-consistency-check-5.25.1.jar
                                                                 [classpath] /var/lib/neo4j/lib/neo4j-server-5.25.1.jar
                                                                 [classpath] /var/lib/neo4j/lib/neo4j-io-5.25.1.jar
                                                                 [classpath] /var/lib/neo4j/lib/neo4j-security-5.25.1.jar
                                                                 [classpath] /var/lib/neo4j/lib/annotations-5.25.1.jar
                                                                 [classpath] /var/lib/neo4j/lib/jersey-common-2.43.jar
                                                                 [classpath] /var/lib/neo4j/lib/log4j-layout-template-json-2.20.0.jar
                                                                 [classpath] /var/lib/neo4j/lib/neo4j-capabilities-5.25.1.jar
                                                                 [classpath] /var/lib/neo4j/lib/arrow-memory-netty-buffer-patch-17.0.0.jar
                                                                 [classpath] /plugins/apoc.jar
                                                                 [classpath] /var/lib/neo4j/lib/netty-resolver-4.1.113.Final.jar
                                                                 [classpath] /var/lib/neo4j/lib/lucene-core-9.11.1.jar
                                                                 [classpath] /var/lib/neo4j/lib/zstd-jni-1.5.6-5.jar
                                                                
                                                                --------------------------------------------------------------------------------
                                                                                                [ Library path ]                                
                                                                --------------------------------------------------------------------------------
                                                                /usr/java/packages/lib
                                                                /usr/lib64
                                                                /lib64
                                                                /lib
                                                                /usr/lib
                                                                
                                                                --------------------------------------------------------------------------------
                                                                                             [ System properties ]                              
                                                                --------------------------------------------------------------------------------
                                                                sun.jnu.encoding = UTF-8
                                                                sun.arch.data.model = 64
                                                                user.timezone = Etc/UTC
                                                                sun.java.launcher = SUN_STANDARD
                                                                sun.boot.library.path = /opt/java/openjdk/lib
                                                                sun.java.command = org.neo4j.server.CommunityEntryPoint --home-dir=/var/lib/neo4j --config-dir=/var/lib/neo4j/conf --console-mode
                                                                jdk.debug = release
                                                                sun.cpu.endian = little
                                                                user.home = /var/lib/neo4j
                                                                user.language = en
                                                                file.separator = /
                                                                sun.management.compiler = HotSpot 64-Bit Tiered Compilers
                                                                user.name = neo4j
                                                                path.separator = :
                                                                file.encoding = UTF-8
                                                                jnidispatch.path = /var/lib/neo4j/.cache/JNA/temp/jna5393092952365649742.tmp
                                                                jna.loaded = true
                                                                user.dir = /var/lib/neo4j
                                                                native.encoding = UTF-8
                                                                sun.io.unicode.encoding = UnicodeLittle
                                                                
                                                                --------------------------------------------------------------------------------
                                                                                      [ (IANA) TimeZone database version ]                      
                                                                --------------------------------------------------------------------------------
                                                                  TimeZone version: 2024a (available for 603 zone identifiers)
                                                                
                                                                --------------------------------------------------------------------------------
                                                                                            [ Network information ]                             
                                                                --------------------------------------------------------------------------------
                                                                Interface eth0:
                                                                    address: 172.18.0.2
                                                                Interface lo:
                                                                    address: 0:0:0:0:0:0:0:1%lo
                                                                    address: 127.0.0.1
                                                                
                                                                --------------------------------------------------------------------------------
                                                                                         [ Native access information ]                          
                                                                --------------------------------------------------------------------------------
                                                                Native access details: Linux native access is available.
                                                                
                                                                --------------------------------------------------------------------------------
                                                                                                [ DBMS config ]                                 
                                                                --------------------------------------------------------------------------------
                                                                DBMS provided settings:
                                                                dbms.security.procedures.allowlist=*
                                                                dbms.security.procedures.unrestricted=*
                                                                server.default_listen_address=0.0.0.0
                                                                server.directories.logs=/logs
                                                                server.directories.neo4j_home=/var/lib/neo4j
                                                                server.directories.plugins=/plugins
                                                                server.memory.pagecache.size=512.00MiB
                                                                Directories in use:
                                                                server.directories.data=/var/lib/neo4j/data
                                                                server.directories.dumps.root=/var/lib/neo4j/data/dumps
                                                                server.directories.import=/var/lib/neo4j
                                                                server.directories.lib=/var/lib/neo4j/lib
                                                                server.directories.licenses=/var/lib/neo4j/licenses
                                                                server.directories.logs=/logs
                                                                server.directories.neo4j_home=/var/lib/neo4j
                                                                server.directories.plugins=/plugins
                                                                server.directories.run=/var/lib/neo4j/run
                                                                server.directories.script.root=/var/lib/neo4j/data/scripts
                                                                server.directories.transaction.logs.root=/var/lib/neo4j/data/transactions
                                                                
                                                                --------------------------------------------------------------------------------
                                                                                                 [ Packaging ]                                  
                                                                --------------------------------------------------------------------------------
                                                                Edition: Community
                                                                Package Type: docker bullseye
                                                                
2024-12-06 20:13:52.364+0000 INFO  [o.n.d.i.DefaultIdentityModule] Generated new ServerId: ServerId{a5067908} (a5067908-2ba5-4c9f-93df-5e1d71a7bf24)
2024-12-06 20:13:52.366+0000 INFO  [o.n.d.i.DefaultIdentityModule] This instance is ServerId{a5067908} (a5067908-2ba5-4c9f-93df-5e1d71a7bf24)
2024-12-06 20:13:53.001+0000 INFO  [o.n.s.CommunityNeoWebServer] ======== Neo4j 5.25.1 ========
2024-12-06 20:13:53.026+0000 INFO  [o.n.d.d.DatabaseLifecycles] Creating 'DatabaseId{00000000[system]}'.
2024-12-06 20:13:53.073+0000 INFO  [a.ApocConfig] successfully registered ApocConfig for @Context
2024-12-06 20:13:53.077+0000 INFO  [a.Pools] successfully registered Pools for @Context
2024-12-06 20:13:53.154+0000 INFO  [a.ApocConfig] cannot determine conf folder from sys property org.neo4j.server.CommunityEntryPoint --home-dir=/var/lib/neo4j --config-dir=/var/lib/neo4j/conf --console-mode, assuming /var/lib/neo4j/conf
2024-12-06 20:13:53.154+0000 INFO  [a.ApocConfig] system property NEO4J_CONF set to /var/lib/neo4j/conf
2024-12-06 20:13:53.274+0000 INFO  [a.ApocConfig] setting APOC config to default value: apoc.trigger.enabled=false
2024-12-06 20:13:53.309+0000 INFO  [o.n.b.BoltServer] Using connector transport epoll
2024-12-06 20:13:53.386+0000 INFO  [o.n.b.BoltServer] Configured external Bolt connector with listener address /0.0.0.0:7687
2024-12-06 20:13:53.387+0000 INFO  [o.n.b.BoltServer] Bolt server loaded
2024-12-06 20:13:53.404+0000 INFO  [o.n.d.d.DatabaseLifecycles] Starting 'DatabaseId{00000000[system]}'.
2024-12-06 20:13:54.159+0000 INFO  [o.n.i.d.DiagnosticsManager] [system/00000000] 
                                                                [system/00000000] ********************************************************************************
                                                                [system/00000000]                               [ Database: system ]                              
                                                                [system/00000000] ********************************************************************************
                                                                [system/00000000] --------------------------------------------------------------------------------
                                                                [system/00000000]                                   [ Version ]                                   
                                                                [system/00000000] --------------------------------------------------------------------------------
                                                                [system/00000000] DBMS: community record-aligned-1.1
                                                                [system/00000000] Kernel version: 5.25.1
                                                                [system/00000000] 
                                                                [system/00000000] --------------------------------------------------------------------------------
                                                                [system/00000000]                                 [ Store files ]                                 
                                                                [system/00000000] --------------------------------------------------------------------------------
                                                                [system/00000000] Disk space on partition (Total / Free / Free %): 1000186310656 / 117240266752 / 11
                                                                [system/00000000] Storage files stored on file store: 9p
                                                                [system/00000000] Storage files: (filename : modification date - size)
                                                                [system/00000000]   neostore: 2024-12-06 20:13:54.004+0000 - 8.000KiB
                                                                [system/00000000]   neostore.counts.db: 2024-12-06 20:13:54.019+0000 - 0B
                                                                [system/00000000]   neostore.indexstats.db: 2024-12-06 20:13:54.037+0000 - 0B
                                                                [system/00000000]   neostore.labeltokenstore.db: 2024-12-06 20:13:53.982+0000 - 0B
                                                                [system/00000000]   neostore.labeltokenstore.db.id: 2024-12-06 20:13:53.979+0000 - 0B
                                                                [system/00000000]   neostore.labeltokenstore.db.names: 2024-12-06 20:13:53.977+0000 - 8.000KiB
                                                                [system/00000000]   neostore.labeltokenstore.db.names.id: 2024-12-06 20:13:53.974+0000 - 0B
                                                                [system/00000000]   neostore.nodestore.db: 2024-12-06 20:13:53.914+0000 - 0B
                                                                [system/00000000]   neostore.nodestore.db.id: 2024-12-06 20:13:53.911+0000 - 0B
                                                                [system/00000000]   neostore.nodestore.db.labels: 2024-12-06 20:13:53.903+0000 - 8.000KiB
                                                                [system/00000000]   neostore.nodestore.db.labels.id: 2024-12-06 20:13:53.881+0000 - 0B
                                                                [system/00000000]   neostore.propertystore.db: 2024-12-06 20:13:53.952+0000 - 0B
                                                                [system/00000000]   neostore.propertystore.db.arrays: 2024-12-06 20:13:53.945+0000 - 8.000KiB
                                                                [system/00000000]   neostore.propertystore.db.arrays.id: 2024-12-06 20:13:53.939+0000 - 0B
                                                                [system/00000000]   neostore.propertystore.db.id: 2024-12-06 20:13:53.949+0000 - 0B
                                                                [system/00000000]   neostore.propertystore.db.index: 2024-12-06 20:13:53.927+0000 - 0B
                                                                [system/00000000]   neostore.propertystore.db.index.id: 2024-12-06 20:13:53.924+0000 - 0B
                                                                [system/00000000]   neostore.propertystore.db.index.keys: 2024-12-06 20:13:53.921+0000 - 8.000KiB
                                                                [system/00000000]   neostore.propertystore.db.index.keys.id: 2024-12-06 20:13:53.917+0000 - 0B
                                                                [system/00000000]   neostore.propertystore.db.strings: 2024-12-06 20:13:53.936+0000 - 8.000KiB
                                                                [system/00000000]   neostore.propertystore.db.strings.id: 2024-12-06 20:13:53.931+0000 - 0B
                                                                [system/00000000]   neostore.relationshipgroupstore.db: 2024-12-06 20:13:53.999+0000 - 8.000KiB
                                                                [system/00000000]   neostore.relationshipgroupstore.db.id: 2024-12-06 20:13:53.994+0000 - 0B
                                                                [system/00000000]   neostore.relationshipgroupstore.degrees.db: 2024-12-06 20:13:54.028+0000 - 0B
                                                                [system/00000000]   neostore.relationshipstore.db: 2024-12-06 20:13:53.958+0000 - 0B
                                                                [system/00000000]   neostore.relationshipstore.db.id: 2024-12-06 20:13:53.956+0000 - 0B
                                                                [system/00000000]   neostore.relationshiptypestore.db: 2024-12-06 20:13:53.971+0000 - 0B
                                                                [system/00000000]   neostore.relationshiptypestore.db.id: 2024-12-06 20:13:53.968+0000 - 0B
                                                                [system/00000000]   neostore.relationshiptypestore.db.names: 2024-12-06 20:13:53.964+0000 - 8.000KiB
                                                                [system/00000000]   neostore.relationshiptypestore.db.names.id: 2024-12-06 20:13:53.960+0000 - 0B
                                                                [system/00000000]   neostore.schemastore.db: 2024-12-06 20:13:53.991+0000 - 8.000KiB
                                                                [system/00000000]   neostore.schemastore.db.id: 2024-12-06 20:13:53.986+0000 - 0B
                                                                [system/00000000] Storage summary: 
                                                                [system/00000000]   Total size of store: 72.00KiB
                                                                [system/00000000]   Total size of mapped files: 72.00KiB
                                                                [system/00000000] 
                                                                [system/00000000] --------------------------------------------------------------------------------
                                                                [system/00000000]                               [ Transaction log ]                               
                                                                [system/00000000] --------------------------------------------------------------------------------
                                                                [system/00000000] Transaction log files stored on file store: 9p
                                                                [system/00000000] Transaction log metadata:
                                                                [system/00000000]  - current kernel version used in transactions: V5_25
                                                                [system/00000000]  - last committed transaction id: 1
                                                                [system/00000000] Transaction log files:
                                                                [system/00000000]  - existing transaction log versions: -1--1
                                                                [system/00000000]  - no transactions found
                                                                [system/00000000] Checkpoint log files:
                                                                [system/00000000]  - existing checkpoint log versions: -1--1
                                                                [system/00000000]  - no checkpoints found
                                                                [system/00000000] 
                                                                [system/00000000] --------------------------------------------------------------------------------
                                                                [system/00000000]                                   [ Id usage ]                                  
                                                                [system/00000000] --------------------------------------------------------------------------------
                                                                [system/00000000] ArrayPropertyStore[neostore.nodestore.db.labels]: used=1 high=0
                                                                [system/00000000] NodeStore[neostore.nodestore.db]: used=0 high=-1
                                                                [system/00000000] StringPropertyStore[neostore.propertystore.db.index.keys]: used=1 high=0
                                                                [system/00000000] PropertyIndexStore[neostore.propertystore.db.index]: used=0 high=-1
                                                                [system/00000000] StringPropertyStore[neostore.propertystore.db.strings]: used=1 high=0
                                                                [system/00000000] ArrayPropertyStore[neostore.propertystore.db.arrays]: used=1 high=0
                                                                [system/00000000] PropertyStore[neostore.propertystore.db]: used=0 high=-1
                                                                [system/00000000] RelationshipStore[neostore.relationshipstore.db]: used=0 high=-1
                                                                [system/00000000] StringPropertyStore[neostore.relationshiptypestore.db.names]: used=1 high=0
                                                                [system/00000000] RelationshipTypeStore[neostore.relationshiptypestore.db]: used=0 high=-1
                                                                [system/00000000] StringPropertyStore[neostore.labeltokenstore.db.names]: used=1 high=0
                                                                [system/00000000] LabelTokenStore[neostore.labeltokenstore.db]: used=0 high=-1
                                                                [system/00000000] SchemaStore[neostore.schemastore.db]: used=1 high=0
                                                                [system/00000000] RelationshipGroupStore[neostore.relationshipgroupstore.db]: used=1 high=0
                                                                [system/00000000] NeoStore[neostore]: used=-1 high=-1
                                                                [system/00000000] 
                                                                [system/00000000] --------------------------------------------------------------------------------
                                                                [system/00000000]                                   [ Metadata ]                                  
                                                                [system/00000000] --------------------------------------------------------------------------------
                                                                [system/00000000] EXTERNAL_STORE_UUID (Database identifier exposed as external store identity. Generated on creation and never updated): 1c183fbf-b424-4fb3-898f-935584376cb9
                                                                [system/00000000] DATABASE_ID (The last used DatabaseId for this database): null
                                                                [system/00000000] LEGACY_STORE_VERSION (Legacy store format version. This field is used from 5.0 onwards only to distinguish non-migrated pre 5.0 metadata stores.): -3523014627327384477
                                                                [system/00000000] STORE_ID (Store ID): StoreId{creationTime=1733516034004, random=2034654207749793784, storageEngineName='record', formatName='aligned', majorVersion=1, minorVersion=1}
                                                                [system/00000000] 
2024-12-06 20:13:54.190+0000 INFO  [o.n.k.a.DatabaseAvailabilityGuard] [system/00000000] Requirement `Database unavailable` makes database system unavailable.
2024-12-06 20:13:54.191+0000 INFO  [o.n.k.a.DatabaseAvailabilityGuard] [system/00000000] DatabaseId{00000000[system]} is unavailable.
2024-12-06 20:13:54.213+0000 WARN  [o.n.k.i.s.MetaDataStore] [system/00000000] Missing counts store, rebuilding it.
2024-12-06 20:13:54.217+0000 WARN  [o.n.k.i.s.MetaDataStore] [system/00000000] Counts store rebuild completed.
2024-12-06 20:13:54.223+0000 WARN  [o.n.k.i.t.l.f.LogFileChannelNativeAccessor] [system/00000000] Error on attempt to preallocate log file version: 0. Error: ErrorCode=-1, errorMessage='Incorrect file descriptor.'
2024-12-06 20:13:54.234+0000 INFO  [o.n.k.d.Database] [system/00000000] Starting transaction log [/data/transactions/system/neostore.transaction.db.0] at version=0
2024-12-06 20:13:54.242+0000 WARN  [o.n.k.i.t.l.f.c.CheckpointFileChannelNativeAccessor] [system/00000000] Error on attempt to preallocate log file version: 0. Error: ErrorCode=-1, errorMessage='Incorrect file descriptor.'
2024-12-06 20:13:54.244+0000 INFO  [o.n.k.d.Database] [system/00000000] Starting transaction log [/data/transactions/system/checkpoint.0] at version=0
2024-12-06 20:13:54.250+0000 WARN  [o.n.k.i.t.l.f.c.CheckpointFileChannelNativeAccessor] [system/00000000] Unable to advise sequential access for transaction log version: 0. Error: ErrorCode=-1, errorMessage='Incorrect file descriptor.'
2024-12-06 20:13:54.251+0000 WARN  [o.n.k.i.t.l.f.c.CheckpointFileChannelNativeAccessor] [system/00000000] Unable to advise preserve data in cache for transaction log version: 0. Error: ErrorCode=-1, errorMessage='Incorrect file descriptor.'
2024-12-06 20:13:54.254+0000 INFO  [o.n.k.i.t.l.f.c.CheckpointLogFile] [system/00000000] Scanning log file with version 0 for checkpoint entries
2024-12-06 20:13:54.254+0000 WARN  [o.n.k.i.t.l.f.c.CheckpointFileChannelNativeAccessor] [system/00000000] Unable to evict transaction log from cache with version: 0. Error: ErrorCode=-1, errorMessage='Incorrect file descriptor.'
2024-12-06 20:13:54.256+0000 WARN  [o.n.k.i.t.l.f.LogFileChannelNativeAccessor] [system/00000000] Unable to advise sequential access for transaction log version: 0. Error: ErrorCode=-1, errorMessage='Incorrect file descriptor.'
2024-12-06 20:13:54.256+0000 WARN  [o.n.k.i.t.l.f.LogFileChannelNativeAccessor] [system/00000000] Unable to advise preserve data in cache for transaction log version: 0. Error: ErrorCode=-1, errorMessage='Incorrect file descriptor.'
2024-12-06 20:13:54.261+0000 WARN  [o.n.k.i.t.l.f.LogFileChannelNativeAccessor] [system/00000000] Unable to advise sequential access for transaction log version: 0. Error: ErrorCode=-1, errorMessage='Incorrect file descriptor.'
2024-12-06 20:13:54.262+0000 WARN  [o.n.k.i.t.l.f.LogFileChannelNativeAccessor] [system/00000000] Unable to advise preserve data in cache for transaction log version: 0. Error: ErrorCode=-1, errorMessage='Incorrect file descriptor.'
2024-12-06 20:13:54.262+0000 WARN  [o.n.k.i.t.l.f.LogFileChannelNativeAccessor] [system/00000000] Unable to evict transaction log from cache with version: 0. Error: ErrorCode=-1, errorMessage='Incorrect file descriptor.'
2024-12-06 20:13:54.263+0000 WARN  [o.n.k.i.t.l.f.LogFileChannelNativeAccessor] [system/00000000] Unable to evict transaction log from cache with version: 0. Error: ErrorCode=-1, errorMessage='Incorrect file descriptor.'
2024-12-06 20:13:54.272+0000 INFO  [o.n.k.a.DatabaseAvailabilityGuard] [system/00000000] Fulfilling of requirement 'Database unavailable' makes database system available.
2024-12-06 20:13:54.273+0000 INFO  [o.n.k.a.DatabaseAvailabilityGuard] [system/00000000] DatabaseId{00000000[system]} is ready.
2024-12-06 20:13:54.380+0000 INFO  [o.n.k.i.a.i.IndexPopulationJob] [system/00000000] Index population started: [Index( id=2, name='index_f7700477', type='LOOKUP', schema=()-[:<any-types>]-(), indexProvider='token-lookup-1.0' )]
2024-12-06 20:13:54.433+0000 INFO  [o.n.k.i.a.i.IndexPopulationJob] [system/00000000] Index creation finished for index [Index( id=2, name='index_f7700477', type='LOOKUP', schema=()-[:<any-types>]-(), indexProvider='token-lookup-1.0' )].
2024-12-06 20:13:54.460+0000 INFO  [o.n.k.i.a.i.IndexPopulationJob] [system/00000000] Index population started: [Index( id=1, name='index_343aff4e', type='LOOKUP', schema=(:<any-labels>), indexProvider='token-lookup-1.0' )]
2024-12-06 20:13:54.479+0000 INFO  [o.n.k.i.a.i.IndexPopulationJob] [system/00000000] Index creation finished for index [Index( id=1, name='index_343aff4e', type='LOOKUP', schema=(:<any-labels>), indexProvider='token-lookup-1.0' )].
2024-12-06 20:13:54.495+0000 INFO  [o.n.k.i.t.l.c.CheckPointerImpl] [system/00000000] Checkpoint triggered by "Database init completed." @ txId: 3, append index: 3 checkpoint started...
2024-12-06 20:13:54.605+0000 INFO  [o.n.k.i.t.l.c.CheckPointerImpl] [system/00000000] Checkpoint triggered by "Database init completed." @ txId: 3, append index: 3 checkpoint completed in 107ms. Checkpoint flushed 74 pages (0% of total available pages), in 57 IOs. Checkpoint performed with IO limit: unlimited, paused in total 0 times( 0 millis).
2024-12-06 20:13:54.606+0000 INFO  [o.n.k.i.t.l.p.LogPruningImpl] [system/00000000] No log version pruned. The strategy used was '2 days'. 
2024-12-06 20:13:55.322+0000 WARN  [o.n.k.a.p.GlobalProcedures] Failed to load `META-INF.versions.9.module-info` from plugin jar `/plugins/thomas-neo4j-1.0.0.jar`: java.lang.NoClassDefFoundError: META-INF/versions/9/module-info is not a class because access_flag ACC_MODULE is set
2024-12-06 20:13:56.028+0000 WARN  [o.n.k.a.p.GlobalProcedures] Failed to load `META-INF.versions.9.kotlin.reflect.jvm.internal.impl.serialization.deserialization.builtins.BuiltInsResourceLoader` from plugin jar `/plugins/thomas-neo4j-1.0.0.jar`: java.lang.NoClassDefFoundError: kotlin/reflect/jvm/internal/impl/serialization/deserialization/builtins/BuiltInsResourceLoader (wrong name: META-INF/versions/9/kotlin/reflect/jvm/internal/impl/serialization/deserialization/builtins/BuiltInsResourceLoader)
2024-12-06 20:13:56.582+0000 WARN  [o.n.k.a.p.GlobalProcedures] Failed to load `com.opencsv.bean.BeanFieldJoinStringIndex` from plugin jar `/plugins/apoc.jar`: java.lang.NoClassDefFoundError: org/apache/commons/collections4/MultiValuedMap
2024-12-06 20:13:56.596+0000 WARN  [o.n.k.a.p.GlobalProcedures] Failed to load `com.jayway.jsonpath.spi.mapper.JakartaMappingProvider` from plugin jar `/plugins/apoc.jar`: java.lang.NoClassDefFoundError: jakarta/json/stream/JsonParser
2024-12-06 20:13:56.702+0000 WARN  [o.n.k.a.p.GlobalProcedures] Failed to load `com.opencsv.bean.AbstractMappingStrategy` from plugin jar `/plugins/apoc.jar`: java.lang.NoClassDefFoundError: org/apache/commons/collections4/MultiValuedMap
2024-12-06 20:13:56.725+0000 WARN  [o.n.k.a.p.GlobalProcedures] Failed to load `com.opencsv.bean.concurrent.BeanExecutor` from plugin jar `/plugins/apoc.jar`: java.lang.NoClassDefFoundError: org/apache/commons/collections4/ListValuedMap
2024-12-06 20:13:56.802+0000 WARN  [o.n.k.a.p.GlobalProcedures] Failed to load `com.opencsv.bean.HeaderIndex` from plugin jar `/plugins/apoc.jar`: java.lang.NoClassDefFoundError: org/apache/commons/collections4/MultiValuedMap
2024-12-06 20:13:56.808+0000 WARN  [o.n.k.a.p.GlobalProcedures] Failed to load `com.opencsv.bean.FuzzyMappingStrategy` from plugin jar `/plugins/apoc.jar`: java.lang.NoClassDefFoundError: org/apache/commons/collections4/MultiValuedMap
2024-12-06 20:13:56.828+0000 WARN  [o.n.k.a.p.GlobalProcedures] Failed to load `net.minidev.asm.ASMUtil` from plugin jar `/plugins/apoc.jar`: java.lang.NoClassDefFoundError: org/objectweb/asm/MethodVisitor
2024-12-06 20:13:56.831+0000 WARN  [o.n.k.a.p.GlobalProcedures] Failed to load `com.opencsv.bean.BeanFieldJoin` from plugin jar `/plugins/apoc.jar`: java.lang.NoClassDefFoundError: org/apache/commons/collections4/MultiValuedMap
2024-12-06 20:13:56.836+0000 WARN  [o.n.k.a.p.GlobalProcedures] Failed to load `META-INF.versions.9.module-info` from plugin jar `/plugins/apoc.jar`: java.lang.NoClassDefFoundError: META-INF/versions/9/module-info is not a class because access_flag ACC_MODULE is set
2024-12-06 20:13:56.869+0000 WARN  [o.n.k.a.p.GlobalProcedures] Failed to load `com.jayway.jsonpath.spi.json.JakartaJsonProvider$JsonObjectProxy$1` from plugin jar `/plugins/apoc.jar`: java.lang.NoClassDefFoundError: jakarta/json/JsonObject
2024-12-06 20:13:56.883+0000 WARN  [o.n.k.a.p.GlobalProcedures] Failed to load `com.opencsv.bean.customconverter.ConvertGermanToBoolean` from plugin jar `/plugins/apoc.jar`: java.lang.NoClassDefFoundError: org/apache/commons/beanutils/ConversionException
2024-12-06 20:13:56.901+0000 WARN  [o.n.k.a.p.GlobalProcedures] Failed to load `com.opencsv.bean.StatefulBeanToCsv` from plugin jar `/plugins/apoc.jar`: java.lang.NoClassDefFoundError: org/apache/commons/collections4/MultiValuedMap
2024-12-06 20:13:56.904+0000 WARN  [o.n.k.a.p.GlobalProcedures] Failed to load `com.opencsv.bean.HeaderNameBaseMappingStrategy` from plugin jar `/plugins/apoc.jar`: java.lang.NoClassDefFoundError: org/apache/commons/collections4/MultiValuedMap
2024-12-06 20:13:56.911+0000 WARN  [o.n.k.a.p.GlobalProcedures] Failed to load `com.jayway.jsonpath.spi.mapper.JakartaMappingProvider$JsonStructureScope` from plugin jar `/plugins/apoc.jar`: java.lang.NoClassDefFoundError: jakarta/json/JsonValue
2024-12-06 20:13:56.913+0000 WARN  [o.n.k.a.p.GlobalProcedures] Failed to load `com.opencsv.bean.concurrent.IntolerantThreadPoolExecutor` from plugin jar `/plugins/apoc.jar`: java.lang.NoClassDefFoundError: org/apache/commons/collections4/ListValuedMap
2024-12-06 20:13:56.971+0000 WARN  [o.n.k.a.p.GlobalProcedures] Failed to load `com.opencsv.bean.customconverter.ConverterLanguageToBoolean` from plugin jar `/plugins/apoc.jar`: java.lang.NoClassDefFoundError: org/apache/commons/beanutils/ConversionException
2024-12-06 20:13:57.072+0000 WARN  [o.n.k.a.p.GlobalProcedures] Failed to load `com.opencsv.bean.customconverter.ConvertFrenchToBoolean` from plugin jar `/plugins/apoc.jar`: java.lang.NoClassDefFoundError: org/apache/commons/beanutils/ConversionException
2024-12-06 20:13:57.074+0000 WARN  [o.n.k.a.p.GlobalProcedures] Failed to load `com.opencsv.bean.ColumnPositionMappingStrategy` from plugin jar `/plugins/apoc.jar`: java.lang.NoClassDefFoundError: org/apache/commons/collections4/MultiValuedMap
2024-12-06 20:13:57.089+0000 WARN  [o.n.k.a.p.GlobalProcedures] Failed to load `com.jayway.jsonpath.spi.mapper.JakartaMappingProvider$JsonObjectScope` from plugin jar `/plugins/apoc.jar`: java.lang.NoClassDefFoundError: jakarta/json/JsonValue
2024-12-06 20:13:57.102+0000 WARN  [o.n.k.a.p.GlobalProcedures] Failed to load `apoc.util.google.cloud.GCStorageURLConnection` from plugin jar `/plugins/apoc.jar`: java.lang.NoClassDefFoundError: com/google/cloud/storage/Storage
2024-12-06 20:13:57.114+0000 WARN  [o.n.k.a.p.GlobalProcedures] Failed to load `com.jayway.jsonpath.spi.json.JakartaJsonProvider` from plugin jar `/plugins/apoc.jar`: java.lang.NoClassDefFoundError: jakarta/json/JsonObject
2024-12-06 20:13:57.136+0000 WARN  [o.n.k.a.p.GlobalProcedures] Failed to load `com.opencsv.bean.CsvToBeanBuilder` from plugin jar `/plugins/apoc.jar`: java.lang.NoClassDefFoundError: org/apache/commons/collections4/ListValuedMap
2024-12-06 20:13:57.188+0000 WARN  [o.n.k.a.p.GlobalProcedures] Failed to load `com.jayway.jsonpath.spi.json.JakartaJsonProvider$JsonArrayProxy` from plugin jar `/plugins/apoc.jar`: java.lang.NoClassDefFoundError: jakarta/json/JsonArray
2024-12-06 20:13:57.232+0000 WARN  [o.n.k.a.p.GlobalProcedures] Failed to load `com.opencsv.bean.FieldMapByPosition$1` from plugin jar `/plugins/apoc.jar`: java.lang.NoClassDefFoundError: org/apache/commons/collections4/iterators/LazyIteratorChain
2024-12-06 20:13:57.237+0000 WARN  [o.n.k.a.p.GlobalProcedures] Failed to load `com.opencsv.bean.HeaderColumnNameMappingStrategy` from plugin jar `/plugins/apoc.jar`: java.lang.NoClassDefFoundError: org/apache/commons/collections4/MultiValuedMap
2024-12-06 20:13:57.277+0000 WARN  [o.n.k.a.p.GlobalProcedures] Failed to load `com.jayway.jsonpath.spi.json.JakartaJsonProvider$JsonArrayProxy$1` from plugin jar `/plugins/apoc.jar`: java.lang.NoClassDefFoundError: jakarta/json/JsonValue
2024-12-06 20:13:57.278+0000 WARN  [o.n.k.a.p.GlobalProcedures] Failed to load `com.jayway.jsonpath.spi.json.JakartaJsonProvider$JsonArrayProxy$2` from plugin jar `/plugins/apoc.jar`: java.lang.NoClassDefFoundError: jakarta/json/JsonValue
2024-12-06 20:13:57.306+0000 WARN  [o.n.k.a.p.GlobalProcedures] Failed to load `com.opencsv.bean.StatefulBeanToCsvBuilder` from plugin jar `/plugins/apoc.jar`: java.lang.NoClassDefFoundError: org/apache/commons/collections4/ListValuedMap
2024-12-06 20:13:57.309+0000 WARN  [o.n.k.a.p.GlobalProcedures] Failed to load `com.opencsv.bean.HeaderColumnNameTranslateMappingStrategy` from plugin jar `/plugins/apoc.jar`: java.lang.NoClassDefFoundError: org/apache/commons/collections4/MultiValuedMap
2024-12-06 20:13:57.337+0000 WARN  [o.n.k.a.p.GlobalProcedures] Failed to load `apoc.util.s3.S3URLConnection` from plugin jar `/plugins/apoc.jar`: java.lang.NoClassDefFoundError: com/amazonaws/ClientConfiguration
2024-12-06 20:13:57.340+0000 WARN  [o.n.k.a.p.GlobalProcedures] Failed to load `com.opencsv.bean.BeanFieldJoinIntegerIndex` from plugin jar `/plugins/apoc.jar`: java.lang.NoClassDefFoundError: org/apache/commons/collections4/MultiValuedMap
2024-12-06 20:13:57.342+0000 WARN  [o.n.k.a.p.GlobalProcedures] Failed to load `com.jayway.jsonpath.spi.json.JsonOrgJsonProvider` from plugin jar `/plugins/apoc.jar`: java.lang.NoClassDefFoundError: org/json/JSONException
2024-12-06 20:13:57.347+0000 WARN  [o.n.k.a.p.GlobalProcedures] Failed to load `com.opencsv.bean.concurrent.LineExecutor` from plugin jar `/plugins/apoc.jar`: java.lang.NoClassDefFoundError: org/apache/commons/collections4/ListValuedMap
2024-12-06 20:13:57.371+0000 WARN  [o.n.k.a.p.GlobalProcedures] Failed to load `net.minidev.asm.BeansAccessBuilder` from plugin jar `/plugins/apoc.jar`: java.lang.NoClassDefFoundError: org/objectweb/asm/MethodVisitor
2024-12-06 20:13:57.389+0000 WARN  [o.n.k.a.p.GlobalProcedures] Failed to load `com.jayway.jsonpath.spi.json.JakartaJsonProvider$JsonObjectProxy` from plugin jar `/plugins/apoc.jar`: java.lang.NoClassDefFoundError: jakarta/json/JsonObject
2024-12-06 20:13:57.400+0000 WARN  [o.n.k.a.p.GlobalProcedures] Failed to load `com.opencsv.bean.MappingStrategy` from plugin jar `/plugins/apoc.jar`: java.lang.NoClassDefFoundError: org/apache/commons/collections4/MultiValuedMap
2024-12-06 20:13:57.493+0000 WARN  [o.n.k.a.p.GlobalProcedures] Failed to load `apoc.util.s3.S3OutputStream$S3UploadManager` from plugin jar `/plugins/apoc.jar`: java.lang.NoClassDefFoundError: com/amazonaws/services/s3/AmazonS3
2024-12-06 20:13:57.514+0000 WARN  [o.n.k.a.p.GlobalProcedures] Failed to load `com.jayway.jsonpath.spi.mapper.JakartaMappingProvider$JsonArrayScope` from plugin jar `/plugins/apoc.jar`: java.lang.NoClassDefFoundError: jakarta/json/JsonValue
2024-12-06 20:13:57.522+0000 WARN  [o.n.k.a.p.GlobalProcedures] Failed to load `com.opencsv.bean.ConverterPrimitiveTypes` from plugin jar `/plugins/apoc.jar`: java.lang.NoClassDefFoundError: org/apache/commons/beanutils/ConversionException
2024-12-06 20:13:57.527+0000 WARN  [o.n.k.a.p.GlobalProcedures] Failed to load `apoc.util.s3.S3Aws` from plugin jar `/plugins/apoc.jar`: java.lang.NoClassDefFoundError: com/amazonaws/auth/AWSCredentials
2024-12-06 20:13:57.529+0000 WARN  [o.n.k.a.p.GlobalProcedures] Failed to load `com.jayway.jsonpath.spi.mapper.JakartaMappingProvider$JsonStructureToParserAdapter` from plugin jar `/plugins/apoc.jar`: java.lang.NoClassDefFoundError: jakarta/json/stream/JsonParser
2024-12-06 20:13:57.540+0000 WARN  [o.n.k.a.p.GlobalProcedures] Failed to load `com.opencsv.bean.concurrent.AccumulateCsvResults` from plugin jar `/plugins/apoc.jar`: java.lang.NoClassDefFoundError: org/apache/commons/collections4/ListValuedMap
2024-12-06 20:13:57.545+0000 WARN  [o.n.k.a.p.GlobalProcedures] Failed to load `apoc.util.s3.S3Aws$1` from plugin jar `/plugins/apoc.jar`: java.lang.NoClassDefFoundError: com/amazonaws/services/s3/model/S3ObjectInputStream
2024-12-06 20:13:57.909+0000 WARN  [o.n.k.a.p.GlobalProcedures] Use of @Procedure(deprecatedBy) without @Deprecated in apoc.convert.toTree
2024-12-06 20:13:57.983+0000 INFO  [o.n.k.i.a.i.IndexPopulationJob] [system/00000000] Index population started: [Index( id=3, name='constraint_798238d6', type='RANGE', schema=(:DatabaseName {name, namespace}), indexProvider='range-1.0' )]
2024-12-06 20:13:58.018+0000 INFO  [o.n.k.i.a.i.IndexPopulationJob] [system/00000000] Index creation finished for index [Index( id=3, name='constraint_798238d6', type='RANGE', schema=(:DatabaseName {name, namespace}), indexProvider='range-1.0' )].
2024-12-06 20:13:58.048+0000 INFO  [o.n.k.i.a.i.IndexPopulationJob] [system/00000000] Index population started: [Index( id=4, name='constraint_8014b60a', type='RANGE', schema=(:Database {name}), indexProvider='range-1.0' )]
2024-12-06 20:13:58.068+0000 INFO  [o.n.k.i.a.i.IndexPopulationJob] [system/00000000] Index creation finished for index [Index( id=4, name='constraint_8014b60a', type='RANGE', schema=(:Database {name}), indexProvider='range-1.0' )].
2024-12-06 20:13:58.089+0000 INFO  [o.n.k.i.a.i.IndexingService] [system/00000000] Constraint Index( id=3, name='constraint_798238d6', type='RANGE', schema=(:Label[1] {PropertyKey[11], PropertyKey[12]}), indexProvider='range-1.0' ) is ONLINE.
2024-12-06 20:13:58.089+0000 INFO  [o.n.k.i.a.i.IndexingService] [system/00000000] Constraint Index( id=4, name='constraint_8014b60a', type='RANGE', schema=(:Label[2] {PropertyKey[11]}), indexProvider='range-1.0' ) is ONLINE.
2024-12-06 20:13:58.213+0000 INFO  [o.n.k.i.a.i.IndexPopulationJob] [system/00000000] Index population started: [Index( id=7, name='constraint_5789ae3', type='RANGE', schema=(:User {name}), indexProvider='range-1.0' )]
2024-12-06 20:13:58.231+0000 INFO  [o.n.k.i.a.i.IndexPopulationJob] [system/00000000] Index creation finished for index [Index( id=7, name='constraint_5789ae3', type='RANGE', schema=(:User {name}), indexProvider='range-1.0' )].
2024-12-06 20:13:58.250+0000 INFO  [o.n.k.i.a.i.IndexPopulationJob] [system/00000000] Index population started: [Index( id=8, name='constraint_74fad970', type='RANGE', schema=(:User {id}), indexProvider='range-1.0' )]
2024-12-06 20:13:58.270+0000 INFO  [o.n.k.i.a.i.IndexPopulationJob] [system/00000000] Index creation finished for index [Index( id=8, name='constraint_74fad970', type='RANGE', schema=(:User {id}), indexProvider='range-1.0' )].
2024-12-06 20:13:58.290+0000 INFO  [o.n.k.i.a.i.IndexPopulationJob] [system/00000000] Index population started: [Index( id=9, name='auth-constraint', type='RANGE', schema=(:Auth {provider, id}), indexProvider='range-1.0' )]
2024-12-06 20:13:58.307+0000 INFO  [o.n.k.i.a.i.IndexPopulationJob] [system/00000000] Index creation finished for index [Index( id=9, name='auth-constraint', type='RANGE', schema=(:Auth {provider, id}), indexProvider='range-1.0' )].
2024-12-06 20:13:58.321+0000 INFO  [o.n.k.i.a.i.IndexingService] [system/00000000] Constraint Index( id=7, name='constraint_5789ae3', type='RANGE', schema=(:Label[3] {PropertyKey[11]}), indexProvider='range-1.0' ) is ONLINE.
2024-12-06 20:13:58.322+0000 INFO  [o.n.k.i.a.i.IndexingService] [system/00000000] Constraint Index( id=8, name='constraint_74fad970', type='RANGE', schema=(:Label[3] {PropertyKey[27]}), indexProvider='range-1.0' ) is ONLINE.
2024-12-06 20:13:58.322+0000 INFO  [o.n.k.i.a.i.IndexingService] [system/00000000] Constraint Index( id=9, name='auth-constraint', type='RANGE', schema=(:Label[4] {PropertyKey[28], PropertyKey[27]}), indexProvider='range-1.0' ) is ONLINE.
2024-12-06 20:13:58.325+0000 INFO  [o.n.s.s.s.UserSecurityGraphComponent] Initializing system graph model for component 'security-users' with version -1 and status UNINITIALIZED
2024-12-06 20:13:58.336+0000 INFO  [o.n.s.s.s.UserSecurityGraphComponent] Setting up initial user from `auth.ini` file: neo4j
2024-12-06 20:13:58.337+0000 INFO  [o.n.s.s.a.CommunitySecurityModule] CREATE USER neo4j PASSWORD ****** CHANGE NOT REQUIRED
2024-12-06 20:13:58.350+0000 INFO  [o.n.s.s.s.UserSecurityGraphComponent] Setting version for 'security-users' to 5
2024-12-06 20:13:58.353+0000 INFO  [o.n.s.s.s.UserSecurityGraphComponent] After initialization of system graph model component 'security-users' have version 5 and status CURRENT
2024-12-06 20:13:58.358+0000 INFO  [o.n.s.s.s.UserSecurityGraphComponent] Performing postInitialization step for component 'security-users' with version 5 and status CURRENT
2024-12-06 20:13:58.362+0000 INFO  [o.n.d.d.DatabaseLifecycles] Creating 'DatabaseId{7dd32189[neo4j]}'.
2024-12-06 20:13:58.366+0000 INFO  [o.n.d.d.DatabaseLifecycles] Starting 'DatabaseId{7dd32189[neo4j]}'.
2024-12-06 20:13:58.400+0000 INFO  [o.n.k.i.s.f.RecordFormatSelector] [neo4j/7dd32189] Selected configured format for store /data/databases/neo4j: RecordFormat:PageAlignedV5_0[aligned-1.1]
2024-12-06 20:13:58.566+0000 INFO  [o.n.i.d.DiagnosticsManager] [neo4j/7dd32189] 
                                                                [neo4j/7dd32189] ********************************************************************************
                                                                [neo4j/7dd32189]                               [ Database: neo4j ]                               
                                                                [neo4j/7dd32189] ********************************************************************************
                                                                [neo4j/7dd32189] --------------------------------------------------------------------------------
                                                                [neo4j/7dd32189]                                   [ Version ]                                   
                                                                [neo4j/7dd32189] --------------------------------------------------------------------------------
                                                                [neo4j/7dd32189] DBMS: community record-aligned-1.1
                                                                [neo4j/7dd32189] Kernel version: 5.25.1
                                                                [neo4j/7dd32189] 
                                                                [neo4j/7dd32189] --------------------------------------------------------------------------------
                                                                [neo4j/7dd32189]                                 [ Store files ]                                 
                                                                [neo4j/7dd32189] --------------------------------------------------------------------------------
                                                                [neo4j/7dd32189] Disk space on partition (Total / Free / Free %): 1000186310656 / 117238546432 / 11
                                                                [neo4j/7dd32189] Storage files stored on file store: 9p
                                                                [neo4j/7dd32189] Storage files: (filename : modification date - size)
                                                                [neo4j/7dd32189]   neostore: 2024-12-06 20:13:58.497+0000 - 8.000KiB
                                                                [neo4j/7dd32189]   neostore.counts.db: 2024-12-06 20:13:58.499+0000 - 0B
                                                                [neo4j/7dd32189]   neostore.indexstats.db: 2024-12-06 20:13:58.506+0000 - 0B
                                                                [neo4j/7dd32189]   neostore.labeltokenstore.db: 2024-12-06 20:13:58.478+0000 - 0B
                                                                [neo4j/7dd32189]   neostore.labeltokenstore.db.id: 2024-12-06 20:13:58.476+0000 - 0B
                                                                [neo4j/7dd32189]   neostore.labeltokenstore.db.names: 2024-12-06 20:13:58.473+0000 - 8.000KiB
                                                                [neo4j/7dd32189]   neostore.labeltokenstore.db.names.id: 2024-12-06 20:13:58.470+0000 - 0B
                                                                [neo4j/7dd32189]   neostore.nodestore.db: 2024-12-06 20:13:58.416+0000 - 0B
                                                                [neo4j/7dd32189]   neostore.nodestore.db.id: 2024-12-06 20:13:58.413+0000 - 0B
                                                                [neo4j/7dd32189]   neostore.nodestore.db.labels: 2024-12-06 20:13:58.410+0000 - 8.000KiB
                                                                [neo4j/7dd32189]   neostore.nodestore.db.labels.id: 2024-12-06 20:13:58.405+0000 - 0B
                                                                [neo4j/7dd32189]   neostore.propertystore.db: 2024-12-06 20:13:58.448+0000 - 0B
                                                                [neo4j/7dd32189]   neostore.propertystore.db.arrays: 2024-12-06 20:13:58.443+0000 - 8.000KiB
                                                                [neo4j/7dd32189]   neostore.propertystore.db.arrays.id: 2024-12-06 20:13:58.440+0000 - 0B
                                                                [neo4j/7dd32189]   neostore.propertystore.db.id: 2024-12-06 20:13:58.445+0000 - 0B
                                                                [neo4j/7dd32189]   neostore.propertystore.db.index: 2024-12-06 20:13:58.428+0000 - 0B
                                                                [neo4j/7dd32189]   neostore.propertystore.db.index.id: 2024-12-06 20:13:58.426+0000 - 0B
                                                                [neo4j/7dd32189]   neostore.propertystore.db.index.keys: 2024-12-06 20:13:58.422+0000 - 8.000KiB
                                                                [neo4j/7dd32189]   neostore.propertystore.db.index.keys.id: 2024-12-06 20:13:58.418+0000 - 0B
                                                                [neo4j/7dd32189]   neostore.propertystore.db.strings: 2024-12-06 20:13:58.437+0000 - 8.000KiB
                                                                [neo4j/7dd32189]   neostore.propertystore.db.strings.id: 2024-12-06 20:13:58.431+0000 - 0B
                                                                [neo4j/7dd32189]   neostore.relationshipgroupstore.db: 2024-12-06 20:13:58.492+0000 - 8.000KiB
                                                                [neo4j/7dd32189]   neostore.relationshipgroupstore.db.id: 2024-12-06 20:13:58.488+0000 - 0B
                                                                [neo4j/7dd32189]   neostore.relationshipgroupstore.degrees.db: 2024-12-06 20:13:58.502+0000 - 0B
                                                                [neo4j/7dd32189]   neostore.relationshipstore.db: 2024-12-06 20:13:58.454+0000 - 0B
                                                                [neo4j/7dd32189]   neostore.relationshipstore.db.id: 2024-12-06 20:13:58.452+0000 - 0B
                                                                [neo4j/7dd32189]   neostore.relationshiptypestore.db: 2024-12-06 20:13:58.467+0000 - 0B
                                                                [neo4j/7dd32189]   neostore.relationshiptypestore.db.id: 2024-12-06 20:13:58.465+0000 - 0B
                                                                [neo4j/7dd32189]   neostore.relationshiptypestore.db.names: 2024-12-06 20:13:58.462+0000 - 8.000KiB
                                                                [neo4j/7dd32189]   neostore.relationshiptypestore.db.names.id: 2024-12-06 20:13:58.457+0000 - 0B
                                                                [neo4j/7dd32189]   neostore.schemastore.db: 2024-12-06 20:13:58.486+0000 - 8.000KiB
                                                                [neo4j/7dd32189]   neostore.schemastore.db.id: 2024-12-06 20:13:58.482+0000 - 0B
                                                                [neo4j/7dd32189] Storage summary: 
                                                                [neo4j/7dd32189]   Total size of store: 72.00KiB
                                                                [neo4j/7dd32189]   Total size of mapped files: 72.00KiB
                                                                [neo4j/7dd32189] 
                                                                [neo4j/7dd32189] --------------------------------------------------------------------------------
                                                                [neo4j/7dd32189]                               [ Transaction log ]                               
                                                                [neo4j/7dd32189] --------------------------------------------------------------------------------
                                                                [neo4j/7dd32189] Transaction log files stored on file store: 9p
                                                                [neo4j/7dd32189] Transaction log metadata:
                                                                [neo4j/7dd32189]  - current kernel version used in transactions: V5_25
                                                                [neo4j/7dd32189]  - last committed transaction id: 1
                                                                [neo4j/7dd32189] Transaction log files:
                                                                [neo4j/7dd32189]  - existing transaction log versions: -1--1
                                                                [neo4j/7dd32189]  - no transactions found
                                                                [neo4j/7dd32189] Checkpoint log files:
                                                                [neo4j/7dd32189]  - existing checkpoint log versions: -1--1
                                                                [neo4j/7dd32189]  - no checkpoints found
                                                                [neo4j/7dd32189] 
                                                                [neo4j/7dd32189] --------------------------------------------------------------------------------
                                                                [neo4j/7dd32189]                                   [ Id usage ]                                  
                                                                [neo4j/7dd32189] --------------------------------------------------------------------------------
                                                                [neo4j/7dd32189] ArrayPropertyStore[neostore.nodestore.db.labels]: used=1 high=0
                                                                [neo4j/7dd32189] NodeStore[neostore.nodestore.db]: used=0 high=-1
                                                                [neo4j/7dd32189] StringPropertyStore[neostore.propertystore.db.index.keys]: used=1 high=0
                                                                [neo4j/7dd32189] PropertyIndexStore[neostore.propertystore.db.index]: used=0 high=-1
                                                                [neo4j/7dd32189] StringPropertyStore[neostore.propertystore.db.strings]: used=1 high=0
                                                                [neo4j/7dd32189] ArrayPropertyStore[neostore.propertystore.db.arrays]: used=1 high=0
                                                                [neo4j/7dd32189] PropertyStore[neostore.propertystore.db]: used=0 high=-1
                                                                [neo4j/7dd32189] RelationshipStore[neostore.relationshipstore.db]: used=0 high=-1
                                                                [neo4j/7dd32189] StringPropertyStore[neostore.relationshiptypestore.db.names]: used=1 high=0
                                                                [neo4j/7dd32189] RelationshipTypeStore[neostore.relationshiptypestore.db]: used=0 high=-1
                                                                [neo4j/7dd32189] StringPropertyStore[neostore.labeltokenstore.db.names]: used=1 high=0
                                                                [neo4j/7dd32189] LabelTokenStore[neostore.labeltokenstore.db]: used=0 high=-1
                                                                [neo4j/7dd32189] SchemaStore[neostore.schemastore.db]: used=1 high=0
                                                                [neo4j/7dd32189] RelationshipGroupStore[neostore.relationshipgroupstore.db]: used=1 high=0
                                                                [neo4j/7dd32189] NeoStore[neostore]: used=-1 high=-1
                                                                [neo4j/7dd32189] 
                                                                [neo4j/7dd32189] --------------------------------------------------------------------------------
                                                                [neo4j/7dd32189]                                   [ Metadata ]                                  
                                                                [neo4j/7dd32189] --------------------------------------------------------------------------------
                                                                [neo4j/7dd32189] EXTERNAL_STORE_UUID (Database identifier exposed as external store identity. Generated on creation and never updated): fd602d69-7e3c-4915-9fce-1cb70665623c
                                                                [neo4j/7dd32189] DATABASE_ID (The last used DatabaseId for this database): null
                                                                [neo4j/7dd32189] LEGACY_STORE_VERSION (Legacy store format version. This field is used from 5.0 onwards only to distinguish non-migrated pre 5.0 metadata stores.): -3523014627327384477
                                                                [neo4j/7dd32189] STORE_ID (Store ID): StoreId{creationTime=1733516038497, random=-1936197709593975294, storageEngineName='record', formatName='aligned', majorVersion=1, minorVersion=1}
                                                                [neo4j/7dd32189] 
2024-12-06 20:13:58.583+0000 INFO  [o.n.k.a.DatabaseAvailabilityGuard] [neo4j/7dd32189] Requirement `Database unavailable` makes database neo4j unavailable.
2024-12-06 20:13:58.583+0000 INFO  [o.n.k.a.DatabaseAvailabilityGuard] [neo4j/7dd32189] DatabaseId{7dd32189[neo4j]} is unavailable.
2024-12-06 20:13:58.595+0000 WARN  [o.n.k.i.s.MetaDataStore] [neo4j/7dd32189] Missing counts store, rebuilding it.
2024-12-06 20:13:58.596+0000 WARN  [o.n.k.i.s.MetaDataStore] [neo4j/7dd32189] Counts store rebuild completed.
2024-12-06 20:13:58.599+0000 WARN  [o.n.k.i.t.l.f.LogFileChannelNativeAccessor] [neo4j/7dd32189] Error on attempt to preallocate log file version: 0. Error: ErrorCode=-1, errorMessage='Incorrect file descriptor.'
2024-12-06 20:13:58.604+0000 INFO  [o.n.k.d.Database] [neo4j/7dd32189] Starting transaction log [/data/transactions/neo4j/neostore.transaction.db.0] at version=0
2024-12-06 20:13:58.609+0000 WARN  [o.n.k.i.t.l.f.c.CheckpointFileChannelNativeAccessor] [neo4j/7dd32189] Error on attempt to preallocate log file version: 0. Error: ErrorCode=-1, errorMessage='Incorrect file descriptor.'
2024-12-06 20:13:58.612+0000 INFO  [o.n.k.d.Database] [neo4j/7dd32189] Starting transaction log [/data/transactions/neo4j/checkpoint.0] at version=0
2024-12-06 20:13:58.621+0000 WARN  [o.n.k.i.t.l.f.c.CheckpointFileChannelNativeAccessor] [neo4j/7dd32189] Unable to advise sequential access for transaction log version: 0. Error: ErrorCode=-1, errorMessage='Incorrect file descriptor.'
2024-12-06 20:13:58.621+0000 WARN  [o.n.k.i.t.l.f.c.CheckpointFileChannelNativeAccessor] [neo4j/7dd32189] Unable to advise preserve data in cache for transaction log version: 0. Error: ErrorCode=-1, errorMessage='Incorrect file descriptor.'
2024-12-06 20:13:58.622+0000 INFO  [o.n.k.i.t.l.f.c.CheckpointLogFile] [neo4j/7dd32189] Scanning log file with version 0 for checkpoint entries
2024-12-06 20:13:58.623+0000 WARN  [o.n.k.i.t.l.f.c.CheckpointFileChannelNativeAccessor] [neo4j/7dd32189] Unable to evict transaction log from cache with version: 0. Error: ErrorCode=-1, errorMessage='Incorrect file descriptor.'
2024-12-06 20:13:58.624+0000 WARN  [o.n.k.i.t.l.f.LogFileChannelNativeAccessor] [neo4j/7dd32189] Unable to advise sequential access for transaction log version: 0. Error: ErrorCode=-1, errorMessage='Incorrect file descriptor.'
2024-12-06 20:13:58.625+0000 WARN  [o.n.k.i.t.l.f.LogFileChannelNativeAccessor] [neo4j/7dd32189] Unable to advise preserve data in cache for transaction log version: 0. Error: ErrorCode=-1, errorMessage='Incorrect file descriptor.'
2024-12-06 20:13:58.627+0000 WARN  [o.n.k.i.t.l.f.LogFileChannelNativeAccessor] [neo4j/7dd32189] Unable to advise sequential access for transaction log version: 0. Error: ErrorCode=-1, errorMessage='Incorrect file descriptor.'
2024-12-06 20:13:58.628+0000 WARN  [o.n.k.i.t.l.f.LogFileChannelNativeAccessor] [neo4j/7dd32189] Unable to advise preserve data in cache for transaction log version: 0. Error: ErrorCode=-1, errorMessage='Incorrect file descriptor.'
2024-12-06 20:13:58.628+0000 WARN  [o.n.k.i.t.l.f.LogFileChannelNativeAccessor] [neo4j/7dd32189] Unable to evict transaction log from cache with version: 0. Error: ErrorCode=-1, errorMessage='Incorrect file descriptor.'
2024-12-06 20:13:58.629+0000 WARN  [o.n.k.i.t.l.f.LogFileChannelNativeAccessor] [neo4j/7dd32189] Unable to evict transaction log from cache with version: 0. Error: ErrorCode=-1, errorMessage='Incorrect file descriptor.'
2024-12-06 20:13:58.634+0000 INFO  [o.n.k.a.DatabaseAvailabilityGuard] [neo4j/7dd32189] Fulfilling of requirement 'Database unavailable' makes database neo4j available.
2024-12-06 20:13:58.634+0000 INFO  [o.n.k.a.DatabaseAvailabilityGuard] [neo4j/7dd32189] DatabaseId{7dd32189[neo4j]} is ready.
2024-12-06 20:13:58.642+0000 INFO  [o.n.k.i.a.i.IndexPopulationJob] [neo4j/7dd32189] Index population started: [Index( id=2, name='index_f7700477', type='LOOKUP', schema=()-[:<any-types>]-(), indexProvider='token-lookup-1.0' )]
2024-12-06 20:13:58.668+0000 INFO  [o.n.k.i.a.i.IndexPopulationJob] [neo4j/7dd32189] Index creation finished for index [Index( id=2, name='index_f7700477', type='LOOKUP', schema=()-[:<any-types>]-(), indexProvider='token-lookup-1.0' )].
2024-12-06 20:13:58.685+0000 INFO  [o.n.k.i.a.i.IndexPopulationJob] [neo4j/7dd32189] Index population started: [Index( id=1, name='index_343aff4e', type='LOOKUP', schema=(:<any-labels>), indexProvider='token-lookup-1.0' )]
2024-12-06 20:13:58.695+0000 INFO  [o.n.k.i.a.i.IndexPopulationJob] [neo4j/7dd32189] Index creation finished for index [Index( id=1, name='index_343aff4e', type='LOOKUP', schema=(:<any-labels>), indexProvider='token-lookup-1.0' )].
2024-12-06 20:13:58.703+0000 INFO  [o.n.k.i.t.l.c.CheckPointerImpl] [neo4j/7dd32189] Checkpoint triggered by "Database init completed." @ txId: 3, append index: 3 checkpoint started...
2024-12-06 20:13:58.784+0000 INFO  [o.n.k.i.t.l.c.CheckPointerImpl] [neo4j/7dd32189] Checkpoint triggered by "Database init completed." @ txId: 3, append index: 3 checkpoint completed in 80ms. Checkpoint flushed 74 pages (0% of total available pages), in 57 IOs. Checkpoint performed with IO limit: unlimited, paused in total 0 times( 0 millis).
2024-12-06 20:13:58.785+0000 INFO  [o.n.k.i.t.l.p.LogPruningImpl] [neo4j/7dd32189] No log version pruned. The strategy used was '2 days'. 
2024-12-06 20:13:58.787+0000 INFO  [o.n.u.UserDataCollector] Anonymous Usage Data is being sent to Neo4j, see https://neo4j.com/docs/usage-data/
2024-12-06 20:13:58.815+0000 INFO  [o.n.b.p.c.c.n.SocketNettyConnector] Bolt enabled on 0.0.0.0:7687.
2024-12-06 20:13:58.817+0000 WARN  [i.n.b.ServerBootstrap] Unknown channel option 'SO_REUSEADDR' for channel '[id: 0xd1ea4749]'
2024-12-06 20:13:58.820+0000 INFO  [o.n.b.BoltServer] Bolt server started
2024-12-06 20:13:58.821+0000 INFO  [o.n.s.A.ServerComponentsLifecycleAdapter] Starting web server
2024-12-06 20:13:59.204+0000 INFO  [o.n.s.CommunityNeoWebServer] HTTP enabled on 0.0.0.0:7474.
2024-12-06 20:13:59.208+0000 INFO  [o.n.s.CommunityNeoWebServer] Remote interface available at http://localhost:7474/
2024-12-06 20:13:59.208+0000 INFO  [o.n.s.A.ServerComponentsLifecycleAdapter] Web server started.
2024-12-06 20:13:59.211+0000 INFO  [o.n.g.f.DatabaseManagementServiceFactory] id: 6B46AC3A17E7C611815C62D5B530D20021FE9B83F6E992F4A0EBB76FD5E4262F
2024-12-06 20:13:59.212+0000 INFO  [o.n.g.f.DatabaseManagementServiceFactory] name: system
2024-12-06 20:13:59.212+0000 INFO  [o.n.g.f.DatabaseManagementServiceFactory] creationDate: 2024-12-06T20:13:54.004Z
2024-12-06 20:29:04.262+0000 INFO  [o.n.k.i.t.l.c.CheckPointerImpl] [system/00000000] Checkpoint triggered by "Scheduled checkpoint for every 15 minutes threshold" @ txId: 41, append index: 41 checkpoint started...
2024-12-06 20:29:04.401+0000 INFO  [o.n.k.i.t.l.c.CheckPointerImpl] [system/00000000] Checkpoint triggered by "Scheduled checkpoint for every 15 minutes threshold" @ txId: 41, append index: 41 checkpoint completed in 138ms. Checkpoint flushed 73 pages (0% of total available pages), in 73 IOs. Checkpoint performed with IO limit: unlimited, paused in total 0 times( 0 millis).
2024-12-06 20:29:04.402+0000 INFO  [o.n.k.i.t.l.p.LogPruningImpl] [system/00000000] No log version pruned. The strategy used was '2 days'. 
2024-12-07 01:31:33.836+0000 INFO  [o.n.k.i.a.i.IndexPopulationJob] [neo4j/7dd32189] Index population started: [Index( id=3, name='upk_organization', type='RANGE', schema=(:Organization {id}), indexProvider='range-1.0' )]
2024-12-07 01:31:33.887+0000 INFO  [o.n.k.i.a.i.IndexPopulationJob] [neo4j/7dd32189] Index creation finished for index [Index( id=3, name='upk_organization', type='RANGE', schema=(:Organization {id}), indexProvider='range-1.0' )].
2024-12-07 01:31:33.923+0000 INFO  [o.n.k.i.a.i.IndexingService] [neo4j/7dd32189] Constraint Index( id=3, name='upk_organization', type='RANGE', schema=(:Label[0] {PropertyKey[10]}), indexProvider='range-1.0' ) is ONLINE.
2024-12-07 01:31:36.805+0000 INFO  [o.n.k.i.t.l.c.CheckPointerImpl] [neo4j/7dd32189] Checkpoint triggered by "Scheduled checkpoint for every 15 minutes threshold" @ txId: 9, append index: 9 checkpoint started...
2024-12-07 01:31:36.893+0000 INFO  [o.n.k.i.t.l.c.CheckPointerImpl] [neo4j/7dd32189] Checkpoint triggered by "Scheduled checkpoint for every 15 minutes threshold" @ txId: 9, append index: 9 checkpoint completed in 86ms. Checkpoint flushed 35 pages (0% of total available pages), in 35 IOs. Checkpoint performed with IO limit: unlimited, paused in total 0 times( 0 millis).
2024-12-07 01:31:36.894+0000 INFO  [o.n.k.i.t.l.p.LogPruningImpl] [neo4j/7dd32189] No log version pruned. The strategy used was '2 days'. 
2024-12-07 01:31:39.200+0000 ERROR [o.n.b.f.StateMachineImpl] Client triggered an unexpected error [Neo.DatabaseError.Schema.ConstraintCreationFailed]: Unable to create Constraint( name='tpk_organization', type='NODE PROPERTY TYPE', schema=(:Organization {id}), propertyType=STRING ):
Property type constraint requires Neo4j Enterprise Edition. Note that only the first found violation is shown., reference ba90d33b-c890-4977-93a9-56043b23a7c7.
2024-12-07 01:31:39.201+0000 ERROR [o.n.b.f.StateMachineImpl] Client triggered an unexpected error [Neo.DatabaseError.Schema.ConstraintCreationFailed]: Unable to create Constraint( name='tpk_organization', type='NODE PROPERTY TYPE', schema=(:Organization {id}), propertyType=STRING ):
Property type constraint requires Neo4j Enterprise Edition. Note that only the first found violation is shown., reference ba90d33b-c890-4977-93a9-56043b23a7c7.
org.neo4j.bolt.protocol.common.fsm.error.TransactionStateTransitionException: Unable to create Constraint( name='tpk_organization', type='NODE PROPERTY TYPE', schema=(:Organization {id}), propertyType=STRING ):
Property type constraint requires Neo4j Enterprise Edition. Note that only the first found violation is shown.
	at org.neo4j.bolt.protocol.common.fsm.transition.transaction.CreateStatementStateTransition.process(CreateStatementStateTransition.java:56) ~[neo4j-bolt-5.25.1.jar:5.25.1]
	at org.neo4j.bolt.protocol.common.fsm.transition.transaction.CreateStatementStateTransition.process(CreateStatementStateTransition.java:32) ~[neo4j-bolt-5.25.1.jar:5.25.1]
	at org.neo4j.bolt.protocol.common.fsm.transition.transaction.TransactionalStateTransition.process(TransactionalStateTransition.java:42) ~[neo4j-bolt-5.25.1.jar:5.25.1]
	at org.neo4j.bolt.fsm.state.MultiTransitionState.process(MultiTransitionState.java:53) ~[neo4j-bolt-5.25.1.jar:5.25.1]
	at org.neo4j.bolt.fsm.StateMachineImpl.process(StateMachineImpl.java:159) ~[neo4j-bolt-5.25.1.jar:5.25.1]
	at org.neo4j.bolt.protocol.common.connector.connection.AtomicSchedulingConnection$ProcessJob.perform(AtomicSchedulingConnection.java:634) ~[neo4j-bolt-5.25.1.jar:5.25.1]
	at org.neo4j.bolt.protocol.common.connector.connection.AtomicSchedulingConnection.executeJob(AtomicSchedulingConnection.java:338) ~[neo4j-bolt-5.25.1.jar:5.25.1]
	at org.neo4j.bolt.protocol.common.connector.connection.AtomicSchedulingConnection.doExecuteJobs(AtomicSchedulingConnection.java:317) ~[neo4j-bolt-5.25.1.jar:5.25.1]
	at org.neo4j.bolt.protocol.common.connector.connection.AtomicSchedulingConnection.executeJobs(AtomicSchedulingConnection.java:212) ~[neo4j-bolt-5.25.1.jar:5.25.1]
	at java.util.concurrent.Executors$RunnableAdapter.call(Executors.java:539) [?:?]
	at java.util.concurrent.FutureTask.run(FutureTask.java:264) [?:?]
	at java.util.concurrent.ThreadPoolExecutor.runWorker(ThreadPoolExecutor.java:1136) [?:?]
	at java.util.concurrent.ThreadPoolExecutor$Worker.run(ThreadPoolExecutor.java:635) [?:?]
	at java.lang.Thread.run(Thread.java:840) [?:?]
Caused by: org.neo4j.bolt.tx.error.statement.StatementExecutionException: Unable to create Constraint( name='tpk_organization', type='NODE PROPERTY TYPE', schema=(:Organization {id}), propertyType=STRING ):
Property type constraint requires Neo4j Enterprise Edition. Note that only the first found violation is shown.
	at org.neo4j.bolt.tx.TransactionImpl.run(TransactionImpl.java:143) ~[neo4j-bolt-5.25.1.jar:5.25.1]
	at org.neo4j.bolt.protocol.common.fsm.transition.transaction.CreateStatementStateTransition.process(CreateStatementStateTransition.java:48) ~[neo4j-bolt-5.25.1.jar:5.25.1]
	... 13 more
Caused by: org.neo4j.kernel.impl.query.QueryExecutionKernelException: Unable to create Constraint( name='tpk_organization', type='NODE PROPERTY TYPE', schema=(:Organization {id}), propertyType=STRING ):
Property type constraint requires Neo4j Enterprise Edition. Note that only the first found violation is shown.
	at org.neo4j.bolt.tx.statement.StatementQuerySubscriber.assertSuccess(StatementQuerySubscriber.java:89) ~[neo4j-bolt-5.25.1.jar:5.25.1]
	at org.neo4j.bolt.tx.TransactionImpl.run(TransactionImpl.java:140) ~[neo4j-bolt-5.25.1.jar:5.25.1]
	at org.neo4j.bolt.protocol.common.fsm.transition.transaction.CreateStatementStateTransition.process(CreateStatementStateTransition.java:48) ~[neo4j-bolt-5.25.1.jar:5.25.1]
	... 13 more
Caused by: org.neo4j.exceptions.CypherExecutionException: Unable to create Constraint( name='tpk_organization', type='NODE PROPERTY TYPE', schema=(:Organization {id}), propertyType=STRING ):
Property type constraint requires Neo4j Enterprise Edition. Note that only the first found violation is shown.
	at org.neo4j.cypher.internal.planning.ExceptionTranslatingQueryContext.createNodePropertyTypeConstraint(ExceptionTranslatingQueryContext.scala:788) ~[neo4j-cypher-5.25.1.jar:5.25.1]
	at org.neo4j.cypher.internal.runtime.interpreted.UpdateCountingQueryContext.createNodePropertyTypeConstraint(UpdateCountingQueryContext.scala:297) ~[neo4j-cypher-interpreted-runtime-5.25.1.jar:5.25.1]
	at org.neo4j.cypher.internal.SchemaCommandRuntime$$anonfun$1.$anonfun$applyOrElse$36(SchemaCommandRuntime.scala:279) ~[neo4j-cypher-5.25.1.jar:5.25.1]
	at org.neo4j.cypher.internal.procs.SchemaExecutionPlan.runSpecific(SchemaExecutionPlan.scala:60) ~[neo4j-cypher-5.25.1.jar:5.25.1]
	at org.neo4j.cypher.internal.procs.SchemaExecutionPlan.runSpecific(SchemaExecutionPlan.scala:39) ~[neo4j-cypher-5.25.1.jar:5.25.1]
	at org.neo4j.cypher.internal.procs.ChainedExecutionPlan.run(ChainedExecutionPlan.scala:95) ~[neo4j-cypher-5.25.1.jar:5.25.1]
	at org.neo4j.cypher.internal.CypherCurrentCompiler$CypherExecutableQuery.innerExecute(CypherCurrentCompiler.scala:537) ~[neo4j-cypher-5.25.1.jar:5.25.1]
	at org.neo4j.cypher.internal.CypherCurrentCompiler$CypherExecutableQuery.execute(CypherCurrentCompiler.scala:475) ~[neo4j-cypher-5.25.1.jar:5.25.1]
	at org.neo4j.cypher.internal.ExecutionEngine.doExecute(ExecutionEngine.scala:280) ~[neo4j-cypher-5.25.1.jar:5.25.1]
	at org.neo4j.cypher.internal.ExecutionEngine.$anonfun$executeSubquery$1(ExecutionEngine.scala:197) ~[neo4j-cypher-5.25.1.jar:5.25.1]
	at org.neo4j.cypher.internal.ExecutionEngine.closing(ExecutionEngine.scala:203) ~[neo4j-cypher-5.25.1.jar:5.25.1]
	at org.neo4j.cypher.internal.ExecutionEngine.executeSubquery(ExecutionEngine.scala:177) ~[neo4j-cypher-5.25.1.jar:5.25.1]
	at org.neo4j.cypher.internal.ExecutionEngine.execute(ExecutionEngine.scala:110) ~[neo4j-cypher-5.25.1.jar:5.25.1]
	at org.neo4j.cypher.internal.javacompat.ExecutionEngine.executeQuery(ExecutionEngine.java:150) ~[neo4j-cypher-5.25.1.jar:5.25.1]
	at org.neo4j.router.impl.transaction.database.LocalDatabaseTransaction.lambda$executeQuery$1(LocalDatabaseTransaction.java:142) ~[neo4j-query-router-5.25.1.jar:5.25.1]
	at org.neo4j.router.impl.transaction.database.LocalDatabaseTransaction.translateLocalError(LocalDatabaseTransaction.java:163) ~[neo4j-query-router-5.25.1.jar:5.25.1]
	at org.neo4j.router.impl.transaction.database.LocalDatabaseTransaction.executeQuery(LocalDatabaseTransaction.java:134) ~[neo4j-query-router-5.25.1.jar:5.25.1]
	at org.neo4j.router.impl.QueryRouterImpl.executeQuery(QueryRouterImpl.java:278) ~[neo4j-query-router-5.25.1.jar:5.25.1]
	at org.neo4j.router.impl.bolt.QueryRouterBoltSpi$Transaction.executeQuery(QueryRouterBoltSpi.java:161) ~[neo4j-query-router-5.25.1.jar:5.25.1]
	at org.neo4j.bolt.tx.TransactionImpl.run(TransactionImpl.java:136) ~[neo4j-bolt-5.25.1.jar:5.25.1]
	at org.neo4j.bolt.protocol.common.fsm.transition.transaction.CreateStatementStateTransition.process(CreateStatementStateTransition.java:48) ~[neo4j-bolt-5.25.1.jar:5.25.1]
	... 13 more
Caused by: org.neo4j.internal.kernel.api.exceptions.schema.CreateConstraintFailureException: Unable to create constraint Constraint( name='tpk_organization', type='NODE PROPERTY TYPE', schema=(:Label[0] {PropertyKey[10]}), propertyType=STRING ): Property type constraint requires Neo4j Enterprise Edition
	at org.neo4j.kernel.impl.constraints.StandardConstraintSemantics.propertyTypeConstraintsNotAllowed(StandardConstraintSemantics.java:162) ~[neo4j-kernel-5.25.1.jar:5.25.1]
	at org.neo4j.kernel.impl.constraints.StandardConstraintSemantics.validateNodePropertyTypeConstraint(StandardConstraintSemantics.java:284) ~[neo4j-kernel-5.25.1.jar:5.25.1]
	at org.neo4j.kernel.impl.newapi.Operations.lambda$enforceNodePropertyTypeConstraint$11(Operations.java:2215) ~[neo4j-kernel-5.25.1.jar:5.25.1]
	at org.neo4j.kernel.impl.newapi.Operations.enforceNodePropertyConstraint(Operations.java:2186) ~[neo4j-kernel-5.25.1.jar:5.25.1]
	at org.neo4j.kernel.impl.newapi.Operations.enforceNodePropertyTypeConstraint(Operations.java:2212) ~[neo4j-kernel-5.25.1.jar:5.25.1]
	at org.neo4j.kernel.impl.newapi.Operations.propertyTypeConstraintCreate(Operations.java:2308) ~[neo4j-kernel-5.25.1.jar:5.25.1]
	at org.neo4j.kernel.impl.api.RestrictedSchemaWrite.propertyTypeConstraintCreate(RestrictedSchemaWrite.java:120) ~[neo4j-kernel-5.25.1.jar:5.25.1]
	at org.neo4j.cypher.internal.runtime.interpreted.TransactionBoundQueryContext.createNodePropertyTypeConstraint(TransactionBoundQueryContext.scala:464) ~[neo4j-cypher-interpreted-runtime-5.25.1.jar:5.25.1]
	at org.neo4j.cypher.internal.planning.ExceptionTranslatingQueryContext.createNodePropertyTypeConstraint(ExceptionTranslatingQueryContext.scala:790) ~[neo4j-cypher-5.25.1.jar:5.25.1]
	at org.neo4j.cypher.internal.runtime.interpreted.UpdateCountingQueryContext.createNodePropertyTypeConstraint(UpdateCountingQueryContext.scala:297) ~[neo4j-cypher-interpreted-runtime-5.25.1.jar:5.25.1]
	at org.neo4j.cypher.internal.SchemaCommandRuntime$$anonfun$1.$anonfun$applyOrElse$36(SchemaCommandRuntime.scala:279) ~[neo4j-cypher-5.25.1.jar:5.25.1]
	at org.neo4j.cypher.internal.procs.SchemaExecutionPlan.runSpecific(SchemaExecutionPlan.scala:60) ~[neo4j-cypher-5.25.1.jar:5.25.1]
	at org.neo4j.cypher.internal.procs.SchemaExecutionPlan.runSpecific(SchemaExecutionPlan.scala:39) ~[neo4j-cypher-5.25.1.jar:5.25.1]
	at org.neo4j.cypher.internal.procs.ChainedExecutionPlan.run(ChainedExecutionPlan.scala:95) ~[neo4j-cypher-5.25.1.jar:5.25.1]
	at org.neo4j.cypher.internal.CypherCurrentCompiler$CypherExecutableQuery.innerExecute(CypherCurrentCompiler.scala:537) ~[neo4j-cypher-5.25.1.jar:5.25.1]
	at org.neo4j.cypher.internal.CypherCurrentCompiler$CypherExecutableQuery.execute(CypherCurrentCompiler.scala:475) ~[neo4j-cypher-5.25.1.jar:5.25.1]
	at org.neo4j.cypher.internal.ExecutionEngine.doExecute(ExecutionEngine.scala:280) ~[neo4j-cypher-5.25.1.jar:5.25.1]
	at org.neo4j.cypher.internal.ExecutionEngine.$anonfun$executeSubquery$1(ExecutionEngine.scala:197) ~[neo4j-cypher-5.25.1.jar:5.25.1]
	at org.neo4j.cypher.internal.ExecutionEngine.closing(ExecutionEngine.scala:203) ~[neo4j-cypher-5.25.1.jar:5.25.1]
	at org.neo4j.cypher.internal.ExecutionEngine.executeSubquery(ExecutionEngine.scala:177) ~[neo4j-cypher-5.25.1.jar:5.25.1]
	at org.neo4j.cypher.internal.ExecutionEngine.execute(ExecutionEngine.scala:110) ~[neo4j-cypher-5.25.1.jar:5.25.1]
	at org.neo4j.cypher.internal.javacompat.ExecutionEngine.executeQuery(ExecutionEngine.java:150) ~[neo4j-cypher-5.25.1.jar:5.25.1]
	at org.neo4j.router.impl.transaction.database.LocalDatabaseTransaction.lambda$executeQuery$1(LocalDatabaseTransaction.java:142) ~[neo4j-query-router-5.25.1.jar:5.25.1]
	at org.neo4j.router.impl.transaction.database.LocalDatabaseTransaction.translateLocalError(LocalDatabaseTransaction.java:163) ~[neo4j-query-router-5.25.1.jar:5.25.1]
	at org.neo4j.router.impl.transaction.database.LocalDatabaseTransaction.executeQuery(LocalDatabaseTransaction.java:134) ~[neo4j-query-router-5.25.1.jar:5.25.1]
	at org.neo4j.router.impl.QueryRouterImpl.executeQuery(QueryRouterImpl.java:278) ~[neo4j-query-router-5.25.1.jar:5.25.1]
	at org.neo4j.router.impl.bolt.QueryRouterBoltSpi$Transaction.executeQuery(QueryRouterBoltSpi.java:161) ~[neo4j-query-router-5.25.1.jar:5.25.1]
	at org.neo4j.bolt.tx.TransactionImpl.run(TransactionImpl.java:136) ~[neo4j-bolt-5.25.1.jar:5.25.1]
	at org.neo4j.bolt.protocol.common.fsm.transition.transaction.CreateStatementStateTransition.process(CreateStatementStateTransition.java:48) ~[neo4j-bolt-5.25.1.jar:5.25.1]
	... 13 more
2024-12-10 20:25:35.299+0000 INFO  [o.n.g.f.DatabaseManagementServiceFactory] Shutdown started
2024-12-10 20:25:35.659+0000 INFO  [o.n.b.BoltServer] Requested Bolt server shutdown
2024-12-10 20:25:35.665+0000 INFO  [o.n.b.p.c.c.ConnectionRegistry] Stopping remaining idle connections for connector bolt-local
2024-12-10 20:25:35.671+0000 INFO  [o.n.b.p.c.c.ConnectionRegistry] Stopped 0 idling connections for connector bolt-local
2024-12-10 20:25:35.685+0000 INFO  [o.n.b.p.c.c.ConnectionRegistry] Stopping remaining idle connections for connector bolt
2024-12-10 20:25:35.686+0000 INFO  [o.n.b.p.c.c.ConnectionRegistry] Stopped 0 idling connections for connector bolt
2024-12-10 20:25:35.702+0000 INFO  [o.n.d.d.DatabaseLifecycles] Stopping 'DatabaseId{7dd32189[neo4j]}'.
2024-12-10 20:25:36.012+0000 INFO  [o.n.k.a.DatabaseAvailabilityGuard] [neo4j/7dd32189] Requirement `Database unavailable` makes database neo4j unavailable.
2024-12-10 20:25:36.013+0000 INFO  [o.n.k.a.DatabaseAvailabilityGuard] [neo4j/7dd32189] DatabaseId{7dd32189[neo4j]} is unavailable.
2024-12-10 20:25:36.029+0000 INFO  [o.n.k.d.Database] [neo4j/7dd32189] Waiting for closing transactions.
2024-12-10 20:25:36.032+0000 INFO  [o.n.k.d.Database] [neo4j/7dd32189] All transactions are closed.
2024-12-10 20:25:36.035+0000 INFO  [o.n.k.i.t.l.c.CheckPointerImpl] [neo4j/7dd32189] Checkpoint triggered by "Database shutdown" @ txId: 9, append index: 9 checkpoint started...
2024-12-10 20:25:36.152+0000 INFO  [o.n.k.i.t.l.c.CheckPointerImpl] [neo4j/7dd32189] Checkpoint triggered by "Database shutdown" @ txId: 9, append index: 9 checkpoint completed in 116ms. Checkpoint flushed 24 pages (0% of total available pages), in 23 IOs. Checkpoint performed with IO limit: unlimited, paused in total 0 times( 0 millis).
2024-12-10 20:25:36.153+0000 INFO  [o.n.k.i.t.l.p.LogPruningImpl] [neo4j/7dd32189] No log version pruned. The strategy used was '2 days'. 
2024-12-10 20:25:36.215+0000 WARN  [o.n.k.i.t.l.f.c.CheckpointFileChannelNativeAccessor] [neo4j/7dd32189] Unable to evict transaction log from cache with version: 0. Error: ErrorCode=-1, errorMessage='Incorrect file descriptor.'
2024-12-10 20:25:36.219+0000 WARN  [o.n.k.i.t.l.f.LogFileChannelNativeAccessor] [neo4j/7dd32189] Unable to evict transaction log from cache with version: 0. Error: ErrorCode=-1, errorMessage='Incorrect file descriptor.'
2024-12-10 20:25:36.309+0000 INFO  [o.n.d.d.DatabaseLifecycles] Stopped 'DatabaseId{7dd32189[neo4j]}' successfully.
2024-12-10 20:25:36.309+0000 INFO  [o.n.d.d.DatabaseLifecycles] Stopping 'DatabaseId{00000000[system]}'.
2024-12-10 20:25:36.310+0000 INFO  [o.n.k.a.DatabaseAvailabilityGuard] [system/00000000] Requirement `Database unavailable` makes database system unavailable.
2024-12-10 20:25:36.311+0000 INFO  [o.n.k.a.DatabaseAvailabilityGuard] [system/00000000] DatabaseId{00000000[system]} is unavailable.
2024-12-10 20:25:36.313+0000 INFO  [o.n.k.d.Database] [system/00000000] Waiting for closing transactions.
2024-12-10 20:25:36.314+0000 INFO  [o.n.k.d.Database] [system/00000000] All transactions are closed.
2024-12-10 20:25:36.314+0000 INFO  [o.n.k.i.t.l.c.CheckPointerImpl] [system/00000000] Checkpoint triggered by "Database shutdown" @ txId: 41, append index: 41 checkpoint started...
2024-12-10 20:25:36.415+0000 INFO  [o.n.k.i.t.l.c.CheckPointerImpl] [system/00000000] Checkpoint triggered by "Database shutdown" @ txId: 41, append index: 41 checkpoint completed in 100ms. Checkpoint flushed 28 pages (0% of total available pages), in 27 IOs. Checkpoint performed with IO limit: unlimited, paused in total 0 times( 0 millis).
2024-12-10 20:25:36.415+0000 INFO  [o.n.k.i.t.l.p.LogPruningImpl] [system/00000000] No log version pruned. The strategy used was '2 days'. 
2024-12-10 20:25:36.468+0000 WARN  [o.n.k.i.t.l.f.c.CheckpointFileChannelNativeAccessor] [system/00000000] Unable to evict transaction log from cache with version: 0. Error: ErrorCode=-1, errorMessage='Incorrect file descriptor.'
2024-12-10 20:25:36.471+0000 WARN  [o.n.k.i.t.l.f.LogFileChannelNativeAccessor] [system/00000000] Unable to evict transaction log from cache with version: 0. Error: ErrorCode=-1, errorMessage='Incorrect file descriptor.'
2024-12-10 20:25:36.539+0000 INFO  [o.n.d.d.DatabaseLifecycles] Stopped 'DatabaseId{00000000[system]}' successfully.
2024-12-10 20:25:36.548+0000 INFO  [o.n.b.BoltServer] Shutting down Bolt server
2024-12-10 20:25:41.585+0000 INFO  [o.n.b.p.c.c.ConnectionRegistry] Stopping 0 connections for connector bolt-local
2024-12-10 20:25:41.586+0000 INFO  [o.n.b.p.c.c.ConnectionRegistry] Stopped all remaining connections for connector bolt-local
2024-12-10 20:25:41.587+0000 INFO  [o.n.b.p.c.c.ConnectionRegistry] Stopping 0 connections for connector bolt
2024-12-10 20:25:41.587+0000 INFO  [o.n.b.p.c.c.ConnectionRegistry] Stopped all remaining connections for connector bolt
