#
# There is insufficient memory for the Java Runtime Environment to continue.
# Native memory allocation (mmap) failed to map 704643072 bytes. Error detail: G1 virtual space
# Possible reasons:
#   The system is out of physical RAM or swap space
#   This process is running with CompressedOops enabled, and the Java Heap may be blocking the growth of the native heap
# Possible solutions:
#   Reduce memory load on the system
#   Increase physical memory or swap space
#   Check if swap backing store is full
#   Decrease Java heap size (-Xmx/-Xms)
#   Decrease number of Java threads
#   Decrease Java thread stack sizes (-Xss)
#   Set larger code cache with -XX:ReservedCodeCacheSize=
#   JVM is running with Zero Based Compressed Oops mode in which the Java heap is
#     placed in the first 32GB address space. The Java Heap base address is the
#     maximum limit for the native heap growth. Please use -XX:HeapBaseMinAddress
#     to set the Java Heap base and to place the Java Heap above 32GB virtual address.
# This output file may be truncated or incomplete.
#
#  Out of Memory Error (os_windows.cpp:3616), pid=53088, tid=36272
#
# JRE version: OpenJDK Runtime Environment Corretto-21.0.4.7.1 (21.0.4+7) (build 21.0.4+7-LTS)
# Java VM: OpenJDK 64-Bit Server VM Corretto-21.0.4.7.1 (21.0.4+7-LTS, mixed mode, sharing, tiered, compressed oops, compressed class ptrs, g1 gc, windows-amd64)
# No core dump will be written. Minidumps are not enabled by default on client versions of Windows
#

---------------  S U M M A R Y ------------

Command Line: -agentlib:jdwp=transport=dt_socket,address=127.0.0.1:50604,suspend=y,server=n -agentpath:C:\Users\Nico\AppData\Local\Temp\idea_libasyncProfiler_dll_temp_folder4\libasyncProfiler.dll=version,jfr,event=wall,interval=10ms,cstack=no,file=C:\Users\Nico\IdeaSnapshots\UnitNeo4JRepositoryTest__1__2025_05_12_162138.jfr,dbghelppath=C:\Users\Nico\AppData\Local\Temp\idea_dbghelp_dll_temp_folder3\dbghelp.dll,log=C:\Users\Nico\AppData\Local\Temp\UnitNeo4JRepositoryTest__1__2025_05_12_162138.jfr.log.txt,logLevel=DEBUG -javaagent:C:/gradle/caches/modules-2/files-2.1/org.jetbrains.kotlinx/kotlinx-coroutines-core-jvm/1.8.1/bb0e192bd7c2b6b8217440d36e9758e377e450/kotlinx-coroutines-core-jvm-1.8.1.jar -Didea.test.cyclic.buffer.size=1048576 -javaagent:C:\Users\Nico\AppData\Local\JetBrains\IntelliJIdea2024.3\captureAgent\debugger-agent.jar=file:/C:/Users/Nico/AppData/Local/Temp/capture.props -Dkotlinx.coroutines.debug.enable.creation.stack.trace=false -Ddebugger.agent.enable.coroutines=true -Dkotlinx.coroutines.debug.enable.flows.stack.trace=true -Dkotlinx.coroutines.debug.enable.mutable.state.flows.stack.trace=true -Dfile.encoding=UTF-8 -Dsun.stdout.encoding=UTF-8 -Dsun.stderr.encoding=UTF-8 io.kotest.engine.launcher.MainKt --spec com.thomas.management.data.neo4j.repository.UnitNeo4JRepositoryTest --private true --reporter teamcity

Host: 13th Gen Intel(R) Core(TM) i9-13980HX, 32 cores, 31G,  Windows 11 , 64 bit Build 26100 (10.0.26100.3775)
Time: Mon May 12 16:21:45 2025 Hora oficial do Brasil elapsed time: 7.171215 seconds (0d 0h 0m 7s)

---------------  T H R E A D  ---------------

Current thread (0x0000018ffbbf1140):  VMThread "VM Thread"          [id=36272, stack(0x00000044e4a00000,0x00000044e4b00000) (1024K)]

Stack: [0x00000044e4a00000,0x00000044e4b00000]
Native frames: (J=compiled Java code, j=interpreted, Vv=VM code, C=native code)
V  [jvm.dll+0x6d83d9]
V  [jvm.dll+0x8b39f3]
V  [jvm.dll+0x8b5d4e]
V  [jvm.dll+0x8b6433]
V  [jvm.dll+0x285816]
V  [jvm.dll+0x6d4b65]
V  [jvm.dll+0x6c929a]
V  [jvm.dll+0x35e2fb]
V  [jvm.dll+0x365ea6]
V  [jvm.dll+0x3b7e76]
V  [jvm.dll+0x3b8148]
V  [jvm.dll+0x331a3c]
V  [jvm.dll+0x331ac7]
V  [jvm.dll+0x3768ec]
V  [jvm.dll+0x37509e]
V  [jvm.dll+0x331191]
V  [jvm.dll+0x334c56]
V  [jvm.dll+0x389646]
V  [jvm.dll+0x8bbfa8]
V  [jvm.dll+0x8bd324]
V  [jvm.dll+0x8bd860]
V  [jvm.dll+0x8bdaf3]
V  [jvm.dll+0x85c768]
V  [jvm.dll+0x6d6bdd]
C  [ucrtbase.dll+0x37b0]
C  [KERNEL32.DLL+0x2e8d7]
C  [ntdll.dll+0xb14fc]

VM_Operation (0x00000044e43f5d00): CollectForMetadataAllocation, mode: safepoint, requested by thread 0x0000018fdd63fd00


---------------  P R O C E S S  ---------------

Threads class SMR info:
_java_thread_list=0x0000018fcb5a9580, length=18, elements={
0x0000018fdd63fd00, 0x0000018ffbc19ab0, 0x0000018ffbc1a610, 0x0000018ffbc21650,
0x0000018ffbc221e0, 0x0000018ffbc246d0, 0x0000018ffbc26680, 0x0000018ffbc2b550,
0x0000018ffbc30220, 0x0000018ffbe584e0, 0x0000018fc51b9b00, 0x0000018fc51f30e0,
0x0000018fc51f3b70, 0x0000018fc6ec60c0, 0x0000018fc6e9e550, 0x0000018fc746f710,
0x0000018fc7470b80, 0x0000018fc7471250
}

Java Threads: ( => current thread )
  0x0000018fdd63fd00 JavaThread "main"                              [_thread_blocked, id=2144, stack(0x00000044e4300000,0x00000044e4400000) (1024K)]
  0x0000018ffbc19ab0 JavaThread "Reference Handler"          daemon [_thread_blocked, id=54628, stack(0x00000044e4b00000,0x00000044e4c00000) (1024K)]
  0x0000018ffbc1a610 JavaThread "Finalizer"                  daemon [_thread_blocked, id=52720, stack(0x00000044e4c00000,0x00000044e4d00000) (1024K)]
  0x0000018ffbc21650 JavaThread "Signal Dispatcher"          daemon [_thread_blocked, id=41672, stack(0x00000044e4d00000,0x00000044e4e00000) (1024K)]
  0x0000018ffbc221e0 JavaThread "Attach Listener"            daemon [_thread_blocked, id=52976, stack(0x00000044e4e00000,0x00000044e4f00000) (1024K)]
  0x0000018ffbc246d0 JavaThread "Service Thread"             daemon [_thread_blocked, id=21212, stack(0x00000044e4f00000,0x00000044e5000000) (1024K)]
  0x0000018ffbc26680 JavaThread "Monitor Deflation Thread"   daemon [_thread_blocked, id=19108, stack(0x00000044e5000000,0x00000044e5100000) (1024K)]
  0x0000018ffbc2b550 JavaThread "C2 CompilerThread0"         daemon [_thread_blocked, id=33876, stack(0x00000044e5100000,0x00000044e5200000) (1024K)]
  0x0000018ffbc30220 JavaThread "C1 CompilerThread0"         daemon [_thread_blocked, id=24788, stack(0x00000044e5200000,0x00000044e5300000) (1024K)]
  0x0000018ffbe584e0 JavaThread "Common-Cleaner"             daemon [_thread_blocked, id=11356, stack(0x00000044e5400000,0x00000044e5500000) (1024K)]
  0x0000018fc51b9b00 JavaThread "JDWP Transport Listener: dt_socket" daemon [_thread_blocked, id=47028, stack(0x00000044e5a00000,0x00000044e5b00000) (1024K)]
  0x0000018fc51f30e0 JavaThread "JDWP Event Helper Thread"   daemon [_thread_blocked, id=11940, stack(0x00000044e5b00000,0x00000044e5c00000) (1024K)]
  0x0000018fc51f3b70 JavaThread "JDWP Command Reader"        daemon [_thread_in_native, id=14048, stack(0x00000044e5c00000,0x00000044e5d00000) (1024K)]
  0x0000018fc6ec60c0 JavaThread "Coroutines Debugger Cleaner" daemon [_thread_blocked, id=15208, stack(0x00000044e6a00000,0x00000044e6b00000) (1024K)]
  0x0000018fc6e9e550 JavaThread "Notification Thread"        daemon [_thread_blocked, id=3280, stack(0x00000044e6b00000,0x00000044e6c00000) (1024K)]
  0x0000018fc746f710 JavaThread "C1 CompilerThread1"         daemon [_thread_blocked, id=33108, stack(0x00000044e5300000,0x00000044e5400000) (1024K)]
  0x0000018fc7470b80 JavaThread "C2 CompilerThread1"         daemon [_thread_blocked, id=52396, stack(0x00000044e5500000,0x00000044e5600000) (1024K)]
  0x0000018fc7471250 JavaThread "C2 CompilerThread2"         daemon [_thread_blocked, id=53952, stack(0x00000044e5600000,0x00000044e5700000) (1024K)]
Total: 18

Other Threads:
=>0x0000018ffbbf1140 VMThread "VM Thread"                           [id=36272, stack(0x00000044e4a00000,0x00000044e4b00000) (1024K)]
  0x0000018ffbbd2cd0 WatcherThread "VM Periodic Task Thread"        [id=11452, stack(0x00000044e4900000,0x00000044e4a00000) (1024K)]
  0x0000018fdd6f8fd0 WorkerThread "GC Thread#0"                     [id=38132, stack(0x00000044e4400000,0x00000044e4500000) (1024K)]
  0x0000018fc60251b0 WorkerThread "GC Thread#1"                     [id=40040, stack(0x00000044e5d00000,0x00000044e5e00000) (1024K)]
  0x0000018fc5bb1900 WorkerThread "GC Thread#2"                     [id=38700, stack(0x00000044e5e00000,0x00000044e5f00000) (1024K)]
  0x0000018fc57cebd0 WorkerThread "GC Thread#3"                     [id=53208, stack(0x00000044e5f00000,0x00000044e6000000) (1024K)]
  0x0000018fc5ff26d0 WorkerThread "GC Thread#4"                     [id=42596, stack(0x00000044e6000000,0x00000044e6100000) (1024K)]
  0x0000018fc5b6c9e0 WorkerThread "GC Thread#5"                     [id=47708, stack(0x00000044e6100000,0x00000044e6200000) (1024K)]
  0x0000018fc5b6b420 WorkerThread "GC Thread#6"                     [id=20904, stack(0x00000044e6200000,0x00000044e6300000) (1024K)]
  0x0000018fc5b6c640 WorkerThread "GC Thread#7"                     [id=16156, stack(0x00000044e6300000,0x00000044e6400000) (1024K)]
  0x0000018fc5b6cd80 WorkerThread "GC Thread#8"                     [id=54488, stack(0x00000044e6400000,0x00000044e6500000) (1024K)]
  0x0000018fc5b6c2a0 WorkerThread "GC Thread#9"                     [id=26912, stack(0x00000044e6500000,0x00000044e6600000) (1024K)]
  0x0000018fc5b6b7c0 WorkerThread "GC Thread#10"                    [id=53552, stack(0x00000044e6600000,0x00000044e6700000) (1024K)]
  0x0000018fc5b6bb60 WorkerThread "GC Thread#11"                    [id=42160, stack(0x00000044e6700000,0x00000044e6800000) (1024K)]
  0x0000018fc625ed80 WorkerThread "GC Thread#12"                    [id=51788, stack(0x00000044e6c00000,0x00000044e6d00000) (1024K)]
  0x0000018fc625e640 WorkerThread "GC Thread#13"                    [id=46020, stack(0x00000044e6d00000,0x00000044e6e00000) (1024K)]
  0x0000018fc625f4c0 WorkerThread "GC Thread#14"                    [id=42360, stack(0x00000044e6e00000,0x00000044e6f00000) (1024K)]
  0x0000018fc625df00 WorkerThread "GC Thread#15"                    [id=53340, stack(0x00000044e6f00000,0x00000044e7000000) (1024K)]
  0x0000018fc625e9e0 WorkerThread "GC Thread#16"                    [id=27328, stack(0x00000044e7000000,0x00000044e7100000) (1024K)]
  0x0000018fc625f860 WorkerThread "GC Thread#17"                    [id=34468, stack(0x00000044e7100000,0x00000044e7200000) (1024K)]
  0x0000018fc6260a80 WorkerThread "GC Thread#18"                    [id=47404, stack(0x00000044e7200000,0x00000044e7300000) (1024K)]
  0x0000018fc6260340 WorkerThread "GC Thread#19"                    [id=43088, stack(0x00000044e7300000,0x00000044e7400000) (1024K)]
  0x0000018fc625fc00 WorkerThread "GC Thread#20"                    [id=41604, stack(0x00000044e7400000,0x00000044e7500000) (1024K)]
  0x0000018fc62606e0 WorkerThread "GC Thread#21"                    [id=41668, stack(0x00000044ea300000,0x00000044ea400000) (1024K)]
  0x0000018fc886f930 WorkerThread "GC Thread#22"                    [id=54864, stack(0x00000044ea400000,0x00000044ea500000) (1024K)]
  0x0000018fdd709c90 ConcurrentGCThread "G1 Main Marker"            [id=31288, stack(0x00000044e4500000,0x00000044e4600000) (1024K)]
  0x0000018fdd70b740 WorkerThread "G1 Conc#0"                       [id=49000, stack(0x00000044e4600000,0x00000044e4700000) (1024K)]
  0x0000018fdd7ce670 ConcurrentGCThread "G1 Refine#0"               [id=12596, stack(0x00000044e4700000,0x00000044e4800000) (1024K)]
  0x0000018ffbaab1a0 ConcurrentGCThread "G1 Service"                [id=47200, stack(0x00000044e4800000,0x00000044e4900000) (1024K)]
Total: 29

Threads with active compile tasks:
C2 CompilerThread1     7192 3521       4       io.github.classgraph.ScanResult::<init> (348 bytes)
Total: 1

VM state: at safepoint (normal execution)

VM Mutex/Monitor currently owned by a thread:  ([mutex/lock_event])
[0x00007fff5ed862a8] Threads_lock - owner thread: 0x0000018ffbbf1140
[0x00007fff5ed863a8] Heap_lock - owner thread: 0x0000018fdd63fd00

Heap address: 0x0000000605c00000, size: 8100 MB, Compressed Oops mode: Zero based, Oop shift amount: 3

CDS archive(s) mapped at: [0x0000018f80000000-0x0000018f80c90000-0x0000018f80c90000), size 13172736, SharedBaseAddress: 0x0000018f80000000, ArchiveRelocationMode: 1.
Compressed class space mapped at: 0x0000018f81000000-0x0000018fc1000000, reserved size: 1073741824
Narrow klass base: 0x0000018f80000000, Narrow klass shift: 0, Narrow klass range: 0x100000000

GC Precious Log:
 CardTable entry size: 512
 Card Set container configuration: InlinePtr #cards 4 size 8 Array Of Cards #cards 32 size 80 Howl #buckets 8 coarsen threshold 7372 Howl Bitmap #cards 1024 size 144 coarsen threshold 921 Card regions per heap region 1 cards per card region 8192
 CPUs: 32 total, 32 available
 Memory: 32386M
 Large Page Support: Disabled
 NUMA Support: Disabled
 Compressed Oops: Enabled (Zero based)
 Heap Region Size: 4M
 Heap Min Capacity: 8M
 Heap Initial Capacity: 508M
 Heap Max Capacity: 8100M
 Pre-touch: Disabled
 Parallel Workers: 23
 Concurrent Workers: 6
 Concurrent Refinement Workers: 23
 Periodic GC: Disabled

Heap:
 garbage-first heap   total 2269184K, used 580224K [0x0000000605c00000, 0x0000000800000000)
  region size 4096K, 24 young (98304K), 24 survivors (98304K)
 Metaspace       used 21256K, committed 21504K, reserved 1114112K
  class space    used 2186K, committed 2304K, reserved 1048576K

Heap Regions: E=young(eden), S=young(survivor), O=old, HS=humongous(starts), HC=humongous(continues), CS=collection set, F=free, TAMS=top-at-mark-start, PB=parsable bottom
|   0|0x0000000605c00000, 0x0000000606000000, 0x0000000606000000|100%| O|  |TAMS 0x0000000606000000| PB 0x0000000605c00000| Untracked 
|   1|0x0000000606000000, 0x0000000606400000, 0x0000000606400000|100%| O|  |TAMS 0x0000000606400000| PB 0x0000000606000000| Untracked 
|   2|0x0000000606400000, 0x0000000606800000, 0x0000000606800000|100%| O|  |TAMS 0x0000000606800000| PB 0x0000000606400000| Untracked 
|   3|0x0000000606800000, 0x0000000606c00000, 0x0000000606c00000|100%| O|  |TAMS 0x0000000606c00000| PB 0x0000000606800000| Untracked 
|   4|0x0000000606c00000, 0x0000000607000000, 0x0000000607000000|100%| O|  |TAMS 0x0000000607000000| PB 0x0000000606c00000| Untracked 
|   5|0x0000000607000000, 0x0000000607400000, 0x0000000607400000|100%| O|  |TAMS 0x0000000607400000| PB 0x0000000607000000| Untracked 
|   6|0x0000000607400000, 0x0000000607800000, 0x0000000607800000|100%| O|  |TAMS 0x0000000607800000| PB 0x0000000607400000| Untracked 
|   7|0x0000000607800000, 0x0000000607c00000, 0x0000000607c00000|100%| O|  |TAMS 0x0000000607c00000| PB 0x0000000607800000| Untracked 
|   8|0x0000000607c00000, 0x0000000608000000, 0x0000000608000000|100%| O|  |TAMS 0x0000000608000000| PB 0x0000000607c00000| Untracked 
|   9|0x0000000608000000, 0x0000000608400000, 0x0000000608400000|100%| O|  |TAMS 0x0000000608400000| PB 0x0000000608000000| Untracked 
|  10|0x0000000608400000, 0x0000000608800000, 0x0000000608800000|100%| O|  |TAMS 0x0000000608800000| PB 0x0000000608400000| Untracked 
|  11|0x0000000608800000, 0x0000000608c00000, 0x0000000608c00000|100%| O|  |TAMS 0x0000000608c00000| PB 0x0000000608800000| Untracked 
|  12|0x0000000608c00000, 0x0000000609000000, 0x0000000609000000|100%| O|  |TAMS 0x0000000609000000| PB 0x0000000608c00000| Untracked 
|  13|0x0000000609000000, 0x0000000609400000, 0x0000000609400000|100%| O|  |TAMS 0x0000000609400000| PB 0x0000000609000000| Untracked 
|  14|0x0000000609400000, 0x0000000609800000, 0x0000000609800000|100%| O|  |TAMS 0x0000000609800000| PB 0x0000000609400000| Untracked 
|  15|0x0000000609800000, 0x0000000609c00000, 0x0000000609c00000|100%| O|  |TAMS 0x0000000609c00000| PB 0x0000000609800000| Untracked 
|  16|0x0000000609c00000, 0x000000060a000000, 0x000000060a000000|100%| O|  |TAMS 0x000000060a000000| PB 0x0000000609c00000| Untracked 
|  17|0x000000060a000000, 0x000000060a400000, 0x000000060a400000|100%| O|  |TAMS 0x000000060a400000| PB 0x000000060a000000| Untracked 
|  18|0x000000060a400000, 0x000000060a800000, 0x000000060a800000|100%| O|  |TAMS 0x000000060a800000| PB 0x000000060a400000| Untracked 
|  19|0x000000060a800000, 0x000000060ac00000, 0x000000060ac00000|100%| O|  |TAMS 0x000000060ac00000| PB 0x000000060a800000| Untracked 
|  20|0x000000060ac00000, 0x000000060b000000, 0x000000060b000000|100%| O|  |TAMS 0x000000060b000000| PB 0x000000060ac00000| Untracked 
|  21|0x000000060b000000, 0x000000060b400000, 0x000000060b400000|100%| O|  |TAMS 0x000000060b400000| PB 0x000000060b000000| Untracked 
|  22|0x000000060b400000, 0x000000060b800000, 0x000000060b800000|100%| O|  |TAMS 0x000000060b800000| PB 0x000000060b400000| Untracked 
|  23|0x000000060b800000, 0x000000060bc00000, 0x000000060bc00000|100%| O|  |TAMS 0x000000060bc00000| PB 0x000000060b800000| Untracked 
|  24|0x000000060bc00000, 0x000000060c000000, 0x000000060c000000|100%| O|  |TAMS 0x000000060c000000| PB 0x000000060bc00000| Untracked 
|  25|0x000000060c000000, 0x000000060c400000, 0x000000060c400000|100%| O|  |TAMS 0x000000060c400000| PB 0x000000060c000000| Untracked 
|  26|0x000000060c400000, 0x000000060c800000, 0x000000060c800000|100%| O|  |TAMS 0x000000060c800000| PB 0x000000060c400000| Untracked 
|  27|0x000000060c800000, 0x000000060cc00000, 0x000000060cc00000|100%| O|  |TAMS 0x000000060cc00000| PB 0x000000060c800000| Untracked 
|  28|0x000000060cc00000, 0x000000060d000000, 0x000000060d000000|100%| O|  |TAMS 0x000000060d000000| PB 0x000000060cc00000| Untracked 
|  29|0x000000060d000000, 0x000000060d400000, 0x000000060d400000|100%| O|  |TAMS 0x000000060d400000| PB 0x000000060d000000| Untracked 
|  30|0x000000060d400000, 0x000000060d800000, 0x000000060d800000|100%| O|  |TAMS 0x000000060d800000| PB 0x000000060d400000| Untracked 
|  31|0x000000060d800000, 0x000000060dc00000, 0x000000060dc00000|100%| O|  |TAMS 0x000000060dc00000| PB 0x000000060d800000| Untracked 
|  32|0x000000060dc00000, 0x000000060e000000, 0x000000060e000000|100%| O|  |TAMS 0x000000060e000000| PB 0x000000060dc00000| Untracked 
|  33|0x000000060e000000, 0x000000060e400000, 0x000000060e400000|100%| O|  |TAMS 0x000000060e400000| PB 0x000000060e000000| Untracked 
|  34|0x000000060e400000, 0x000000060e800000, 0x000000060e800000|100%| O|  |TAMS 0x000000060e800000| PB 0x000000060e400000| Untracked 
|  35|0x000000060e800000, 0x000000060ec00000, 0x000000060ec00000|100%| O|  |TAMS 0x000000060ec00000| PB 0x000000060e800000| Untracked 
|  36|0x000000060ec00000, 0x000000060f000000, 0x000000060f000000|100%| O|  |TAMS 0x000000060f000000| PB 0x000000060ec00000| Untracked 
|  37|0x000000060f000000, 0x000000060f400000, 0x000000060f400000|100%| O|  |TAMS 0x000000060f400000| PB 0x000000060f000000| Untracked 
|  38|0x000000060f400000, 0x000000060f800000, 0x000000060f800000|100%| O|  |TAMS 0x000000060f800000| PB 0x000000060f400000| Untracked 
|  39|0x000000060f800000, 0x000000060fc00000, 0x000000060fc00000|100%| O|  |TAMS 0x000000060fc00000| PB 0x000000060f800000| Untracked 
|  40|0x000000060fc00000, 0x0000000610000000, 0x0000000610000000|100%| O|  |TAMS 0x0000000610000000| PB 0x000000060fc00000| Untracked 
|  41|0x0000000610000000, 0x0000000610400000, 0x0000000610400000|100%| O|  |TAMS 0x0000000610400000| PB 0x0000000610000000| Untracked 
|  42|0x0000000610400000, 0x0000000610800000, 0x0000000610800000|100%| O|  |TAMS 0x0000000610800000| PB 0x0000000610400000| Untracked 
|  43|0x0000000610800000, 0x0000000610c00000, 0x0000000610c00000|100%| O|  |TAMS 0x0000000610c00000| PB 0x0000000610800000| Untracked 
|  44|0x0000000610c00000, 0x0000000611000000, 0x0000000611000000|100%| O|  |TAMS 0x0000000611000000| PB 0x0000000610c00000| Untracked 
|  45|0x0000000611000000, 0x0000000611400000, 0x0000000611400000|100%| O|  |TAMS 0x0000000611400000| PB 0x0000000611000000| Untracked 
|  46|0x0000000611400000, 0x0000000611800000, 0x0000000611800000|100%| O|  |TAMS 0x0000000611800000| PB 0x0000000611400000| Untracked 
|  47|0x0000000611800000, 0x0000000611c00000, 0x0000000611c00000|100%| O|  |TAMS 0x0000000611c00000| PB 0x0000000611800000| Untracked 
|  48|0x0000000611c00000, 0x0000000612000000, 0x0000000612000000|100%| O|  |TAMS 0x0000000612000000| PB 0x0000000611c00000| Untracked 
|  49|0x0000000612000000, 0x0000000612400000, 0x0000000612400000|100%| O|  |TAMS 0x0000000612400000| PB 0x0000000612000000| Untracked 
|  50|0x0000000612400000, 0x0000000612800000, 0x0000000612800000|100%| O|  |TAMS 0x0000000612800000| PB 0x0000000612400000| Untracked 
|  51|0x0000000612800000, 0x0000000612c00000, 0x0000000612c00000|100%| O|  |TAMS 0x0000000612c00000| PB 0x0000000612800000| Untracked 
|  52|0x0000000612c00000, 0x0000000613000000, 0x0000000613000000|100%| O|  |TAMS 0x0000000613000000| PB 0x0000000612c00000| Untracked 
|  53|0x0000000613000000, 0x0000000613400000, 0x0000000613400000|100%| O|  |TAMS 0x0000000613400000| PB 0x0000000613000000| Untracked 
|  54|0x0000000613400000, 0x0000000613800000, 0x0000000613800000|100%| O|  |TAMS 0x0000000613800000| PB 0x0000000613400000| Untracked 
|  55|0x0000000613800000, 0x0000000613c00000, 0x0000000613c00000|100%| O|  |TAMS 0x0000000613c00000| PB 0x0000000613800000| Untracked 
|  56|0x0000000613c00000, 0x0000000614000000, 0x0000000614000000|100%| O|  |TAMS 0x0000000614000000| PB 0x0000000613c00000| Untracked 
|  57|0x0000000614000000, 0x0000000614400000, 0x0000000614400000|100%| O|  |TAMS 0x0000000614400000| PB 0x0000000614000000| Untracked 
|  58|0x0000000614400000, 0x0000000614800000, 0x0000000614800000|100%| O|  |TAMS 0x0000000614800000| PB 0x0000000614400000| Untracked 
|  59|0x0000000614800000, 0x0000000614c00000, 0x0000000614c00000|100%| O|  |TAMS 0x0000000614c00000| PB 0x0000000614800000| Untracked 
|  60|0x0000000614c00000, 0x0000000615000000, 0x0000000615000000|100%| O|  |TAMS 0x0000000615000000| PB 0x0000000614c00000| Untracked 
|  61|0x0000000615000000, 0x0000000615400000, 0x0000000615400000|100%| O|  |TAMS 0x0000000615400000| PB 0x0000000615000000| Untracked 
|  62|0x0000000615400000, 0x0000000615800000, 0x0000000615800000|100%| O|  |TAMS 0x0000000615800000| PB 0x0000000615400000| Untracked 
|  63|0x0000000615800000, 0x0000000615c00000, 0x0000000615c00000|100%| O|  |TAMS 0x0000000615c00000| PB 0x0000000615800000| Untracked 
|  64|0x0000000615c00000, 0x0000000616000000, 0x0000000616000000|100%| O|  |TAMS 0x0000000616000000| PB 0x0000000615c00000| Untracked 
|  65|0x0000000616000000, 0x0000000616400000, 0x0000000616400000|100%| O|  |TAMS 0x0000000616400000| PB 0x0000000616000000| Untracked 
|  66|0x0000000616400000, 0x0000000616800000, 0x0000000616800000|100%| O|  |TAMS 0x0000000616800000| PB 0x0000000616400000| Untracked 
|  67|0x0000000616800000, 0x0000000616c00000, 0x0000000616c00000|100%| O|  |TAMS 0x0000000616c00000| PB 0x0000000616800000| Untracked 
|  68|0x0000000616c00000, 0x0000000617000000, 0x0000000617000000|100%| O|  |TAMS 0x0000000617000000| PB 0x0000000616c00000| Untracked 
|  69|0x0000000617000000, 0x0000000617400000, 0x0000000617400000|100%| O|  |TAMS 0x0000000617400000| PB 0x0000000617000000| Untracked 
|  70|0x0000000617400000, 0x0000000617800000, 0x0000000617800000|100%| O|  |TAMS 0x0000000617800000| PB 0x0000000617400000| Untracked 
|  71|0x0000000617800000, 0x0000000617c00000, 0x0000000617c00000|100%| O|  |TAMS 0x0000000617c00000| PB 0x0000000617800000| Untracked 
|  72|0x0000000617c00000, 0x0000000618000000, 0x0000000618000000|100%| O|  |TAMS 0x0000000618000000| PB 0x0000000617c00000| Untracked 
|  73|0x0000000618000000, 0x0000000618400000, 0x0000000618400000|100%| O|  |TAMS 0x0000000618400000| PB 0x0000000618000000| Untracked 
|  74|0x0000000618400000, 0x0000000618800000, 0x0000000618800000|100%| O|  |TAMS 0x0000000618800000| PB 0x0000000618400000| Untracked 
|  75|0x0000000618800000, 0x0000000618c00000, 0x0000000618c00000|100%| O|  |TAMS 0x0000000618c00000| PB 0x0000000618800000| Untracked 
|  76|0x0000000618c00000, 0x0000000619000000, 0x0000000619000000|100%| O|  |TAMS 0x0000000619000000| PB 0x0000000618c00000| Untracked 
|  77|0x0000000619000000, 0x0000000619400000, 0x0000000619400000|100%| O|  |TAMS 0x0000000619400000| PB 0x0000000619000000| Untracked 
|  78|0x0000000619400000, 0x0000000619800000, 0x0000000619800000|100%| O|  |TAMS 0x0000000619800000| PB 0x0000000619400000| Untracked 
|  79|0x0000000619800000, 0x0000000619c00000, 0x0000000619c00000|100%| O|  |TAMS 0x0000000619c00000| PB 0x0000000619800000| Untracked 
|  80|0x0000000619c00000, 0x000000061a000000, 0x000000061a000000|100%| O|  |TAMS 0x000000061a000000| PB 0x0000000619c00000| Untracked 
|  81|0x000000061a000000, 0x000000061a400000, 0x000000061a400000|100%| O|  |TAMS 0x000000061a400000| PB 0x000000061a000000| Untracked 
|  82|0x000000061a400000, 0x000000061a800000, 0x000000061a800000|100%| O|  |TAMS 0x000000061a800000| PB 0x000000061a400000| Untracked 
|  83|0x000000061a800000, 0x000000061ac00000, 0x000000061ac00000|100%| O|  |TAMS 0x000000061ac00000| PB 0x000000061a800000| Untracked 
|  84|0x000000061ac00000, 0x000000061b000000, 0x000000061b000000|100%| O|  |TAMS 0x000000061b000000| PB 0x000000061ac00000| Untracked 
|  85|0x000000061b000000, 0x000000061b400000, 0x000000061b400000|100%| O|  |TAMS 0x000000061b400000| PB 0x000000061b000000| Untracked 
|  86|0x000000061b400000, 0x000000061b800000, 0x000000061b800000|100%| O|  |TAMS 0x000000061b800000| PB 0x000000061b400000| Untracked 
|  87|0x000000061b800000, 0x000000061bc00000, 0x000000061bc00000|100%| O|  |TAMS 0x000000061bc00000| PB 0x000000061b800000| Untracked 
|  88|0x000000061bc00000, 0x000000061c000000, 0x000000061c000000|100%| O|  |TAMS 0x000000061c000000| PB 0x000000061bc00000| Untracked 
|  89|0x000000061c000000, 0x000000061c400000, 0x000000061c400000|100%| O|  |TAMS 0x000000061c400000| PB 0x000000061c000000| Untracked 
|  90|0x000000061c400000, 0x000000061c800000, 0x000000061c800000|100%| O|  |TAMS 0x000000061c800000| PB 0x000000061c400000| Untracked 
|  91|0x000000061c800000, 0x000000061cc00000, 0x000000061cc00000|100%| O|  |TAMS 0x000000061cc00000| PB 0x000000061c800000| Untracked 
|  92|0x000000061cc00000, 0x000000061d000000, 0x000000061d000000|100%| O|  |TAMS 0x000000061d000000| PB 0x000000061cc00000| Untracked 
|  93|0x000000061d000000, 0x000000061d400000, 0x000000061d400000|100%| O|  |TAMS 0x000000061d400000| PB 0x000000061d000000| Untracked 
|  94|0x000000061d400000, 0x000000061d800000, 0x000000061d800000|100%| O|  |TAMS 0x000000061d800000| PB 0x000000061d400000| Untracked 
|  95|0x000000061d800000, 0x000000061dc00000, 0x000000061dc00000|100%| O|  |TAMS 0x000000061dc00000| PB 0x000000061d800000| Untracked 
|  96|0x000000061dc00000, 0x000000061e000000, 0x000000061e000000|100%| O|  |TAMS 0x000000061e000000| PB 0x000000061dc00000| Untracked 
|  97|0x000000061e000000, 0x000000061e400000, 0x000000061e400000|100%| O|  |TAMS 0x000000061e400000| PB 0x000000061e000000| Untracked 
|  98|0x000000061e400000, 0x000000061e800000, 0x000000061e800000|100%| O|  |TAMS 0x000000061e800000| PB 0x000000061e400000| Untracked 
|  99|0x000000061e800000, 0x000000061ec00000, 0x000000061ec00000|100%| O|  |TAMS 0x000000061ec00000| PB 0x000000061e800000| Untracked 
| 100|0x000000061ec00000, 0x000000061f000000, 0x000000061f000000|100%| O|  |TAMS 0x000000061f000000| PB 0x000000061ec00000| Untracked 
| 101|0x000000061f000000, 0x000000061f400000, 0x000000061f400000|100%| O|  |TAMS 0x000000061f400000| PB 0x000000061f000000| Untracked 
| 102|0x000000061f400000, 0x000000061f800000, 0x000000061f800000|100%| O|  |TAMS 0x000000061f800000| PB 0x000000061f400000| Untracked 
| 103|0x000000061f800000, 0x000000061fc00000, 0x000000061fc00000|100%| O|  |TAMS 0x000000061fc00000| PB 0x000000061f800000| Untracked 
| 104|0x000000061fc00000, 0x0000000620000000, 0x0000000620000000|100%| O|  |TAMS 0x0000000620000000| PB 0x000000061fc00000| Untracked 
| 105|0x0000000620000000, 0x0000000620400000, 0x0000000620400000|100%| O|  |TAMS 0x0000000620400000| PB 0x0000000620000000| Untracked 
| 106|0x0000000620400000, 0x0000000620800000, 0x0000000620800000|100%| O|  |TAMS 0x0000000620800000| PB 0x0000000620400000| Untracked 
| 107|0x0000000620800000, 0x0000000620c00000, 0x0000000620c00000|100%| O|  |TAMS 0x0000000620c00000| PB 0x0000000620800000| Untracked 
| 108|0x0000000620c00000, 0x0000000621000000, 0x0000000621000000|100%| O|  |TAMS 0x0000000621000000| PB 0x0000000620c00000| Untracked 
| 109|0x0000000621000000, 0x0000000621400000, 0x0000000621400000|100%| O|  |TAMS 0x0000000621400000| PB 0x0000000621000000| Untracked 
| 110|0x0000000621400000, 0x0000000621800000, 0x0000000621800000|100%| O|  |TAMS 0x0000000621800000| PB 0x0000000621400000| Untracked 
| 111|0x0000000621800000, 0x0000000621c00000, 0x0000000621c00000|100%| O|  |TAMS 0x0000000621c00000| PB 0x0000000621800000| Untracked 
| 112|0x0000000621c00000, 0x0000000622000000, 0x0000000622000000|100%| O|  |TAMS 0x0000000622000000| PB 0x0000000621c00000| Untracked 
| 113|0x0000000622000000, 0x0000000622400000, 0x0000000622400000|100%| O|  |TAMS 0x0000000622400000| PB 0x0000000622000000| Untracked 
| 114|0x0000000622400000, 0x0000000622800000, 0x0000000622800000|100%| O|  |TAMS 0x0000000622400000| PB 0x0000000622400000| Untracked 
| 115|0x0000000622800000, 0x0000000622c00000, 0x0000000622c00000|100%| O|  |TAMS 0x0000000622800000| PB 0x0000000622800000| Untracked 
| 116|0x0000000622c00000, 0x0000000623000000, 0x0000000623000000|100%| O|  |TAMS 0x0000000622c00000| PB 0x0000000622c00000| Untracked 
| 117|0x0000000623000000, 0x0000000623400000, 0x0000000623400000|100%| O|  |TAMS 0x0000000623000000| PB 0x0000000623000000| Untracked 
| 118|0x0000000623400000, 0x00000006235ae5c0, 0x0000000623800000| 42%| O|  |TAMS 0x0000000623400000| PB 0x0000000623400000| Untracked 
| 119|0x0000000623800000, 0x0000000623800000, 0x0000000623c00000|  0%| F|  |TAMS 0x0000000623800000| PB 0x0000000623800000| Untracked 
| 120|0x0000000623c00000, 0x0000000623c00000, 0x0000000624000000|  0%| F|  |TAMS 0x0000000623c00000| PB 0x0000000623c00000| Untracked 
| 121|0x0000000624000000, 0x0000000624000000, 0x0000000624400000|  0%| F|  |TAMS 0x0000000624000000| PB 0x0000000624000000| Untracked 
| 122|0x0000000624400000, 0x0000000624400000, 0x0000000624800000|  0%| F|  |TAMS 0x0000000624400000| PB 0x0000000624400000| Untracked 
| 123|0x0000000624800000, 0x0000000624800000, 0x0000000624c00000|  0%| F|  |TAMS 0x0000000624800000| PB 0x0000000624800000| Untracked 
| 124|0x0000000624c00000, 0x0000000624c00000, 0x0000000625000000|  0%| F|  |TAMS 0x0000000624c00000| PB 0x0000000624c00000| Untracked 
| 125|0x0000000625000000, 0x0000000625000000, 0x0000000625400000|  0%| F|  |TAMS 0x0000000625000000| PB 0x0000000625000000| Untracked 
| 126|0x0000000625400000, 0x0000000625400000, 0x0000000625800000|  0%| F|  |TAMS 0x0000000625400000| PB 0x0000000625400000| Untracked 
| 127|0x0000000625800000, 0x0000000625800000, 0x0000000625c00000|  0%| F|  |TAMS 0x0000000625800000| PB 0x0000000625800000| Untracked 
| 128|0x0000000625c00000, 0x0000000625c00000, 0x0000000626000000|  0%| F|  |TAMS 0x0000000625c00000| PB 0x0000000625c00000| Untracked 
| 129|0x0000000626000000, 0x0000000626000000, 0x0000000626400000|  0%| F|  |TAMS 0x0000000626000000| PB 0x0000000626000000| Untracked 
| 130|0x0000000626400000, 0x0000000626400000, 0x0000000626800000|  0%| F|  |TAMS 0x0000000626400000| PB 0x0000000626400000| Untracked 
| 131|0x0000000626800000, 0x0000000626800000, 0x0000000626c00000|  0%| F|  |TAMS 0x0000000626800000| PB 0x0000000626800000| Untracked 
| 132|0x0000000626c00000, 0x0000000626c00000, 0x0000000627000000|  0%| F|  |TAMS 0x0000000626c00000| PB 0x0000000626c00000| Untracked 
| 133|0x0000000627000000, 0x0000000627000000, 0x0000000627400000|  0%| F|  |TAMS 0x0000000627000000| PB 0x0000000627000000| Untracked 
| 134|0x0000000627400000, 0x0000000627400000, 0x0000000627800000|  0%| F|  |TAMS 0x0000000627400000| PB 0x0000000627400000| Untracked 
| 135|0x0000000627800000, 0x0000000627800000, 0x0000000627c00000|  0%| F|  |TAMS 0x0000000627800000| PB 0x0000000627800000| Untracked 
| 136|0x0000000627c00000, 0x0000000627c00000, 0x0000000628000000|  0%| F|  |TAMS 0x0000000627c00000| PB 0x0000000627c00000| Untracked 
| 137|0x0000000628000000, 0x0000000628000000, 0x0000000628400000|  0%| F|  |TAMS 0x0000000628000000| PB 0x0000000628000000| Untracked 
| 138|0x0000000628400000, 0x0000000628400000, 0x0000000628800000|  0%| F|  |TAMS 0x0000000628400000| PB 0x0000000628400000| Untracked 
| 139|0x0000000628800000, 0x0000000628800000, 0x0000000628c00000|  0%| F|  |TAMS 0x0000000628800000| PB 0x0000000628800000| Untracked 
| 140|0x0000000628c00000, 0x0000000628c00000, 0x0000000629000000|  0%| F|  |TAMS 0x0000000628c00000| PB 0x0000000628c00000| Untracked 
| 141|0x0000000629000000, 0x0000000629000000, 0x0000000629400000|  0%| F|  |TAMS 0x0000000629000000| PB 0x0000000629000000| Untracked 
| 142|0x0000000629400000, 0x0000000629400000, 0x0000000629800000|  0%| F|  |TAMS 0x0000000629400000| PB 0x0000000629400000| Untracked 
| 143|0x0000000629800000, 0x0000000629800000, 0x0000000629c00000|  0%| F|  |TAMS 0x0000000629800000| PB 0x0000000629800000| Untracked 
| 144|0x0000000629c00000, 0x0000000629c00000, 0x000000062a000000|  0%| F|  |TAMS 0x0000000629c00000| PB 0x0000000629c00000| Untracked 
| 145|0x000000062a000000, 0x000000062a000000, 0x000000062a400000|  0%| F|  |TAMS 0x000000062a000000| PB 0x000000062a000000| Untracked 
| 146|0x000000062a400000, 0x000000062a400000, 0x000000062a800000|  0%| F|  |TAMS 0x000000062a400000| PB 0x000000062a400000| Untracked 
| 147|0x000000062a800000, 0x000000062a800000, 0x000000062ac00000|  0%| F|  |TAMS 0x000000062a800000| PB 0x000000062a800000| Untracked 
| 148|0x000000062ac00000, 0x000000062ac00000, 0x000000062b000000|  0%| F|  |TAMS 0x000000062ac00000| PB 0x000000062ac00000| Untracked 
| 149|0x000000062b000000, 0x000000062b000000, 0x000000062b400000|  0%| F|  |TAMS 0x000000062b000000| PB 0x000000062b000000| Untracked 
| 150|0x000000062b400000, 0x000000062b400000, 0x000000062b800000|  0%| F|  |TAMS 0x000000062b400000| PB 0x000000062b400000| Untracked 
| 151|0x000000062b800000, 0x000000062b800000, 0x000000062bc00000|  0%| F|  |TAMS 0x000000062b800000| PB 0x000000062b800000| Untracked 
| 152|0x000000062bc00000, 0x000000062bc00000, 0x000000062c000000|  0%| F|  |TAMS 0x000000062bc00000| PB 0x000000062bc00000| Untracked 
| 153|0x000000062c000000, 0x000000062c000000, 0x000000062c400000|  0%| F|  |TAMS 0x000000062c000000| PB 0x000000062c000000| Untracked 
| 154|0x000000062c400000, 0x000000062c400000, 0x000000062c800000|  0%| F|  |TAMS 0x000000062c400000| PB 0x000000062c400000| Untracked 
| 155|0x000000062c800000, 0x000000062c800000, 0x000000062cc00000|  0%| F|  |TAMS 0x000000062c800000| PB 0x000000062c800000| Untracked 
| 156|0x000000062cc00000, 0x000000062cc00000, 0x000000062d000000|  0%| F|  |TAMS 0x000000062cc00000| PB 0x000000062cc00000| Untracked 
| 157|0x000000062d000000, 0x000000062d000000, 0x000000062d400000|  0%| F|  |TAMS 0x000000062d000000| PB 0x000000062d000000| Untracked 
| 158|0x000000062d400000, 0x000000062d400000, 0x000000062d800000|  0%| F|  |TAMS 0x000000062d400000| PB 0x000000062d400000| Untracked 
| 159|0x000000062d800000, 0x000000062d800000, 0x000000062dc00000|  0%| F|  |TAMS 0x000000062d800000| PB 0x000000062d800000| Untracked 
| 160|0x000000062dc00000, 0x000000062dc00000, 0x000000062e000000|  0%| F|  |TAMS 0x000000062dc00000| PB 0x000000062dc00000| Untracked 
| 161|0x000000062e000000, 0x000000062e000000, 0x000000062e400000|  0%| F|  |TAMS 0x000000062e000000| PB 0x000000062e000000| Untracked 
| 162|0x000000062e400000, 0x000000062e400000, 0x000000062e800000|  0%| F|  |TAMS 0x000000062e400000| PB 0x000000062e400000| Untracked 
| 163|0x000000062e800000, 0x000000062e800000, 0x000000062ec00000|  0%| F|  |TAMS 0x000000062e800000| PB 0x000000062e800000| Untracked 
| 164|0x000000062ec00000, 0x000000062ec00000, 0x000000062f000000|  0%| F|  |TAMS 0x000000062ec00000| PB 0x000000062ec00000| Untracked 
| 165|0x000000062f000000, 0x000000062f000000, 0x000000062f400000|  0%| F|  |TAMS 0x000000062f000000| PB 0x000000062f000000| Untracked 
| 166|0x000000062f400000, 0x000000062f400000, 0x000000062f800000|  0%| F|  |TAMS 0x000000062f400000| PB 0x000000062f400000| Untracked 
| 167|0x000000062f800000, 0x000000062f800000, 0x000000062fc00000|  0%| F|  |TAMS 0x000000062f800000| PB 0x000000062f800000| Untracked 
| 168|0x000000062fc00000, 0x000000062fc00000, 0x0000000630000000|  0%| F|  |TAMS 0x000000062fc00000| PB 0x000000062fc00000| Untracked 
| 169|0x0000000630000000, 0x0000000630000000, 0x0000000630400000|  0%| F|  |TAMS 0x0000000630000000| PB 0x0000000630000000| Untracked 
| 170|0x0000000630400000, 0x0000000630400000, 0x0000000630800000|  0%| F|  |TAMS 0x0000000630400000| PB 0x0000000630400000| Untracked 
| 171|0x0000000630800000, 0x0000000630800000, 0x0000000630c00000|  0%| F|  |TAMS 0x0000000630800000| PB 0x0000000630800000| Untracked 
| 172|0x0000000630c00000, 0x0000000630c00000, 0x0000000631000000|  0%| F|  |TAMS 0x0000000630c00000| PB 0x0000000630c00000| Untracked 
| 173|0x0000000631000000, 0x0000000631000000, 0x0000000631400000|  0%| F|  |TAMS 0x0000000631000000| PB 0x0000000631000000| Untracked 
| 174|0x0000000631400000, 0x0000000631400000, 0x0000000631800000|  0%| F|  |TAMS 0x0000000631400000| PB 0x0000000631400000| Untracked 
| 175|0x0000000631800000, 0x0000000631800000, 0x0000000631c00000|  0%| F|  |TAMS 0x0000000631800000| PB 0x0000000631800000| Untracked 
| 176|0x0000000631c00000, 0x0000000631c00000, 0x0000000632000000|  0%| F|  |TAMS 0x0000000631c00000| PB 0x0000000631c00000| Untracked 
| 177|0x0000000632000000, 0x0000000632000000, 0x0000000632400000|  0%| F|  |TAMS 0x0000000632000000| PB 0x0000000632000000| Untracked 
| 178|0x0000000632400000, 0x0000000632400000, 0x0000000632800000|  0%| F|  |TAMS 0x0000000632400000| PB 0x0000000632400000| Untracked 
| 179|0x0000000632800000, 0x0000000632800000, 0x0000000632c00000|  0%| F|  |TAMS 0x0000000632800000| PB 0x0000000632800000| Untracked 
| 180|0x0000000632c00000, 0x0000000632c00000, 0x0000000633000000|  0%| F|  |TAMS 0x0000000632c00000| PB 0x0000000632c00000| Untracked 
| 181|0x0000000633000000, 0x0000000633000000, 0x0000000633400000|  0%| F|  |TAMS 0x0000000633000000| PB 0x0000000633000000| Untracked 
| 182|0x0000000633400000, 0x0000000633400000, 0x0000000633800000|  0%| F|  |TAMS 0x0000000633400000| PB 0x0000000633400000| Untracked 
| 183|0x0000000633800000, 0x0000000633800000, 0x0000000633c00000|  0%| F|  |TAMS 0x0000000633800000| PB 0x0000000633800000| Untracked 
| 184|0x0000000633c00000, 0x0000000633c00000, 0x0000000634000000|  0%| F|  |TAMS 0x0000000633c00000| PB 0x0000000633c00000| Untracked 
| 185|0x0000000634000000, 0x0000000634000000, 0x0000000634400000|  0%| F|  |TAMS 0x0000000634000000| PB 0x0000000634000000| Untracked 
| 186|0x0000000634400000, 0x0000000634400000, 0x0000000634800000|  0%| F|  |TAMS 0x0000000634400000| PB 0x0000000634400000| Untracked 
| 187|0x0000000634800000, 0x0000000634800000, 0x0000000634c00000|  0%| F|  |TAMS 0x0000000634800000| PB 0x0000000634800000| Untracked 
| 188|0x0000000634c00000, 0x0000000634c00000, 0x0000000635000000|  0%| F|  |TAMS 0x0000000634c00000| PB 0x0000000634c00000| Untracked 
| 189|0x0000000635000000, 0x0000000635000000, 0x0000000635400000|  0%| F|  |TAMS 0x0000000635000000| PB 0x0000000635000000| Untracked 
| 190|0x0000000635400000, 0x0000000635400000, 0x0000000635800000|  0%| F|  |TAMS 0x0000000635400000| PB 0x0000000635400000| Untracked 
| 191|0x0000000635800000, 0x0000000635800000, 0x0000000635c00000|  0%| F|  |TAMS 0x0000000635800000| PB 0x0000000635800000| Untracked 
| 192|0x0000000635c00000, 0x0000000635c00000, 0x0000000636000000|  0%| F|  |TAMS 0x0000000635c00000| PB 0x0000000635c00000| Untracked 
| 193|0x0000000636000000, 0x0000000636000000, 0x0000000636400000|  0%| F|  |TAMS 0x0000000636000000| PB 0x0000000636000000| Untracked 
| 194|0x0000000636400000, 0x0000000636400000, 0x0000000636800000|  0%| F|  |TAMS 0x0000000636400000| PB 0x0000000636400000| Untracked 
| 195|0x0000000636800000, 0x0000000636800000, 0x0000000636c00000|  0%| F|  |TAMS 0x0000000636800000| PB 0x0000000636800000| Untracked 
| 196|0x0000000636c00000, 0x0000000636c00000, 0x0000000637000000|  0%| F|  |TAMS 0x0000000636c00000| PB 0x0000000636c00000| Untracked 
| 197|0x0000000637000000, 0x0000000637000000, 0x0000000637400000|  0%| F|  |TAMS 0x0000000637000000| PB 0x0000000637000000| Untracked 
| 198|0x0000000637400000, 0x0000000637400000, 0x0000000637800000|  0%| F|  |TAMS 0x0000000637400000| PB 0x0000000637400000| Untracked 
| 199|0x0000000637800000, 0x0000000637800000, 0x0000000637c00000|  0%| F|  |TAMS 0x0000000637800000| PB 0x0000000637800000| Untracked 
| 200|0x0000000637c00000, 0x0000000637c00000, 0x0000000638000000|  0%| F|  |TAMS 0x0000000637c00000| PB 0x0000000637c00000| Untracked 
| 201|0x0000000638000000, 0x0000000638000000, 0x0000000638400000|  0%| F|  |TAMS 0x0000000638000000| PB 0x0000000638000000| Untracked 
| 202|0x0000000638400000, 0x0000000638400000, 0x0000000638800000|  0%| F|  |TAMS 0x0000000638400000| PB 0x0000000638400000| Untracked 
| 203|0x0000000638800000, 0x0000000638800000, 0x0000000638c00000|  0%| F|  |TAMS 0x0000000638800000| PB 0x0000000638800000| Untracked 
| 204|0x0000000638c00000, 0x0000000638c00000, 0x0000000639000000|  0%| F|  |TAMS 0x0000000638c00000| PB 0x0000000638c00000| Untracked 
| 205|0x0000000639000000, 0x0000000639000000, 0x0000000639400000|  0%| F|  |TAMS 0x0000000639000000| PB 0x0000000639000000| Untracked 
| 206|0x0000000639400000, 0x0000000639400000, 0x0000000639800000|  0%| F|  |TAMS 0x0000000639400000| PB 0x0000000639400000| Untracked 
| 207|0x0000000639800000, 0x0000000639800000, 0x0000000639c00000|  0%| F|  |TAMS 0x0000000639800000| PB 0x0000000639800000| Untracked 
| 208|0x0000000639c00000, 0x0000000639c00000, 0x000000063a000000|  0%| F|  |TAMS 0x0000000639c00000| PB 0x0000000639c00000| Untracked 
| 209|0x000000063a000000, 0x000000063a000000, 0x000000063a400000|  0%| F|  |TAMS 0x000000063a000000| PB 0x000000063a000000| Untracked 
| 210|0x000000063a400000, 0x000000063a400000, 0x000000063a800000|  0%| F|  |TAMS 0x000000063a400000| PB 0x000000063a400000| Untracked 
| 211|0x000000063a800000, 0x000000063a800000, 0x000000063ac00000|  0%| F|  |TAMS 0x000000063a800000| PB 0x000000063a800000| Untracked 
| 212|0x000000063ac00000, 0x000000063ac00000, 0x000000063b000000|  0%| F|  |TAMS 0x000000063ac00000| PB 0x000000063ac00000| Untracked 
| 213|0x000000063b000000, 0x000000063b000000, 0x000000063b400000|  0%| F|  |TAMS 0x000000063b000000| PB 0x000000063b000000| Untracked 
| 214|0x000000063b400000, 0x000000063b400000, 0x000000063b800000|  0%| F|  |TAMS 0x000000063b400000| PB 0x000000063b400000| Untracked 
| 215|0x000000063b800000, 0x000000063b800000, 0x000000063bc00000|  0%| F|  |TAMS 0x000000063b800000| PB 0x000000063b800000| Untracked 
| 216|0x000000063bc00000, 0x000000063bc00000, 0x000000063c000000|  0%| F|  |TAMS 0x000000063bc00000| PB 0x000000063bc00000| Untracked 
| 217|0x000000063c000000, 0x000000063c000000, 0x000000063c400000|  0%| F|  |TAMS 0x000000063c000000| PB 0x000000063c000000| Untracked 
| 218|0x000000063c400000, 0x000000063c400000, 0x000000063c800000|  0%| F|  |TAMS 0x000000063c400000| PB 0x000000063c400000| Untracked 
| 219|0x000000063c800000, 0x000000063c800000, 0x000000063cc00000|  0%| F|  |TAMS 0x000000063c800000| PB 0x000000063c800000| Untracked 
| 220|0x000000063cc00000, 0x000000063cc00000, 0x000000063d000000|  0%| F|  |TAMS 0x000000063cc00000| PB 0x000000063cc00000| Untracked 
| 221|0x000000063d000000, 0x000000063d000000, 0x000000063d400000|  0%| F|  |TAMS 0x000000063d000000| PB 0x000000063d000000| Untracked 
| 222|0x000000063d400000, 0x000000063d400000, 0x000000063d800000|  0%| F|  |TAMS 0x000000063d400000| PB 0x000000063d400000| Untracked 
| 223|0x000000063d800000, 0x000000063d800000, 0x000000063dc00000|  0%| F|  |TAMS 0x000000063d800000| PB 0x000000063d800000| Untracked 
| 224|0x000000063dc00000, 0x000000063dc00000, 0x000000063e000000|  0%| F|  |TAMS 0x000000063dc00000| PB 0x000000063dc00000| Untracked 
| 225|0x000000063e000000, 0x000000063e000000, 0x000000063e400000|  0%| F|  |TAMS 0x000000063e000000| PB 0x000000063e000000| Untracked 
| 226|0x000000063e400000, 0x000000063e400000, 0x000000063e800000|  0%| F|  |TAMS 0x000000063e400000| PB 0x000000063e400000| Untracked 
| 227|0x000000063e800000, 0x000000063e800000, 0x000000063ec00000|  0%| F|  |TAMS 0x000000063e800000| PB 0x000000063e800000| Untracked 
| 228|0x000000063ec00000, 0x000000063ec00000, 0x000000063f000000|  0%| F|  |TAMS 0x000000063ec00000| PB 0x000000063ec00000| Untracked 
| 229|0x000000063f000000, 0x000000063f000000, 0x000000063f400000|  0%| F|  |TAMS 0x000000063f000000| PB 0x000000063f000000| Untracked 
| 230|0x000000063f400000, 0x000000063f400000, 0x000000063f800000|  0%| F|  |TAMS 0x000000063f400000| PB 0x000000063f400000| Untracked 
| 231|0x000000063f800000, 0x000000063f800000, 0x000000063fc00000|  0%| F|  |TAMS 0x000000063f800000| PB 0x000000063f800000| Untracked 
| 232|0x000000063fc00000, 0x000000063fc00000, 0x0000000640000000|  0%| F|  |TAMS 0x000000063fc00000| PB 0x000000063fc00000| Untracked 
| 233|0x0000000640000000, 0x0000000640000000, 0x0000000640400000|  0%| F|  |TAMS 0x0000000640000000| PB 0x0000000640000000| Untracked 
| 234|0x0000000640400000, 0x0000000640400000, 0x0000000640800000|  0%| F|  |TAMS 0x0000000640400000| PB 0x0000000640400000| Untracked 
| 235|0x0000000640800000, 0x0000000640800000, 0x0000000640c00000|  0%| F|  |TAMS 0x0000000640800000| PB 0x0000000640800000| Untracked 
| 236|0x0000000640c00000, 0x0000000640c00000, 0x0000000641000000|  0%| F|  |TAMS 0x0000000640c00000| PB 0x0000000640c00000| Untracked 
| 237|0x0000000641000000, 0x0000000641000000, 0x0000000641400000|  0%| F|  |TAMS 0x0000000641000000| PB 0x0000000641000000| Untracked 
| 238|0x0000000641400000, 0x0000000641400000, 0x0000000641800000|  0%| F|  |TAMS 0x0000000641400000| PB 0x0000000641400000| Untracked 
| 239|0x0000000641800000, 0x0000000641800000, 0x0000000641c00000|  0%| F|  |TAMS 0x0000000641800000| PB 0x0000000641800000| Untracked 
| 240|0x0000000641c00000, 0x0000000641c00000, 0x0000000642000000|  0%| F|  |TAMS 0x0000000641c00000| PB 0x0000000641c00000| Untracked 
| 241|0x0000000642000000, 0x0000000642000000, 0x0000000642400000|  0%| F|  |TAMS 0x0000000642000000| PB 0x0000000642000000| Untracked 
| 242|0x0000000642400000, 0x0000000642400000, 0x0000000642800000|  0%| F|  |TAMS 0x0000000642400000| PB 0x0000000642400000| Untracked 
| 243|0x0000000642800000, 0x0000000642800000, 0x0000000642c00000|  0%| F|  |TAMS 0x0000000642800000| PB 0x0000000642800000| Untracked 
| 244|0x0000000642c00000, 0x0000000642c00000, 0x0000000643000000|  0%| F|  |TAMS 0x0000000642c00000| PB 0x0000000642c00000| Untracked 
| 245|0x0000000643000000, 0x0000000643000000, 0x0000000643400000|  0%| F|  |TAMS 0x0000000643000000| PB 0x0000000643000000| Untracked 
| 246|0x0000000643400000, 0x0000000643400000, 0x0000000643800000|  0%| F|  |TAMS 0x0000000643400000| PB 0x0000000643400000| Untracked 
| 247|0x0000000643800000, 0x0000000643800000, 0x0000000643c00000|  0%| F|  |TAMS 0x0000000643800000| PB 0x0000000643800000| Untracked 
| 248|0x0000000643c00000, 0x0000000643c00000, 0x0000000644000000|  0%| F|  |TAMS 0x0000000643c00000| PB 0x0000000643c00000| Untracked 
| 249|0x0000000644000000, 0x0000000644000000, 0x0000000644400000|  0%| F|  |TAMS 0x0000000644000000| PB 0x0000000644000000| Untracked 
| 250|0x0000000644400000, 0x0000000644400000, 0x0000000644800000|  0%| F|  |TAMS 0x0000000644400000| PB 0x0000000644400000| Untracked 
| 251|0x0000000644800000, 0x0000000644800000, 0x0000000644c00000|  0%| F|  |TAMS 0x0000000644800000| PB 0x0000000644800000| Untracked 
| 252|0x0000000644c00000, 0x0000000644c00000, 0x0000000645000000|  0%| F|  |TAMS 0x0000000644c00000| PB 0x0000000644c00000| Untracked 
| 253|0x0000000645000000, 0x0000000645000000, 0x0000000645400000|  0%| F|  |TAMS 0x0000000645000000| PB 0x0000000645000000| Untracked 
| 254|0x0000000645400000, 0x0000000645400000, 0x0000000645800000|  0%| F|  |TAMS 0x0000000645400000| PB 0x0000000645400000| Untracked 
| 255|0x0000000645800000, 0x0000000645800000, 0x0000000645c00000|  0%| F|  |TAMS 0x0000000645800000| PB 0x0000000645800000| Untracked 
| 256|0x0000000645c00000, 0x0000000645c00000, 0x0000000646000000|  0%| F|  |TAMS 0x0000000645c00000| PB 0x0000000645c00000| Untracked 
| 257|0x0000000646000000, 0x0000000646000000, 0x0000000646400000|  0%| F|  |TAMS 0x0000000646000000| PB 0x0000000646000000| Untracked 
| 258|0x0000000646400000, 0x0000000646400000, 0x0000000646800000|  0%| F|  |TAMS 0x0000000646400000| PB 0x0000000646400000| Untracked 
| 259|0x0000000646800000, 0x0000000646800000, 0x0000000646c00000|  0%| F|  |TAMS 0x0000000646800000| PB 0x0000000646800000| Untracked 
| 260|0x0000000646c00000, 0x0000000646c00000, 0x0000000647000000|  0%| F|  |TAMS 0x0000000646c00000| PB 0x0000000646c00000| Untracked 
| 261|0x0000000647000000, 0x0000000647000000, 0x0000000647400000|  0%| F|  |TAMS 0x0000000647000000| PB 0x0000000647000000| Untracked 
| 262|0x0000000647400000, 0x0000000647400000, 0x0000000647800000|  0%| F|  |TAMS 0x0000000647400000| PB 0x0000000647400000| Untracked 
| 263|0x0000000647800000, 0x0000000647800000, 0x0000000647c00000|  0%| F|  |TAMS 0x0000000647800000| PB 0x0000000647800000| Untracked 
| 264|0x0000000647c00000, 0x0000000647c00000, 0x0000000648000000|  0%| F|  |TAMS 0x0000000647c00000| PB 0x0000000647c00000| Untracked 
| 265|0x0000000648000000, 0x0000000648000000, 0x0000000648400000|  0%| F|  |TAMS 0x0000000648000000| PB 0x0000000648000000| Untracked 
| 266|0x0000000648400000, 0x0000000648400000, 0x0000000648800000|  0%| F|  |TAMS 0x0000000648400000| PB 0x0000000648400000| Untracked 
| 267|0x0000000648800000, 0x0000000648800000, 0x0000000648c00000|  0%| F|  |TAMS 0x0000000648800000| PB 0x0000000648800000| Untracked 
| 268|0x0000000648c00000, 0x0000000648c00000, 0x0000000649000000|  0%| F|  |TAMS 0x0000000648c00000| PB 0x0000000648c00000| Untracked 
| 269|0x0000000649000000, 0x0000000649000000, 0x0000000649400000|  0%| F|  |TAMS 0x0000000649000000| PB 0x0000000649000000| Untracked 
| 270|0x0000000649400000, 0x0000000649400000, 0x0000000649800000|  0%| F|  |TAMS 0x0000000649400000| PB 0x0000000649400000| Untracked 
| 271|0x0000000649800000, 0x0000000649800000, 0x0000000649c00000|  0%| F|  |TAMS 0x0000000649800000| PB 0x0000000649800000| Untracked 
| 272|0x0000000649c00000, 0x0000000649c00000, 0x000000064a000000|  0%| F|  |TAMS 0x0000000649c00000| PB 0x0000000649c00000| Untracked 
| 273|0x000000064a000000, 0x000000064a000000, 0x000000064a400000|  0%| F|  |TAMS 0x000000064a000000| PB 0x000000064a000000| Untracked 
| 274|0x000000064a400000, 0x000000064a400000, 0x000000064a800000|  0%| F|  |TAMS 0x000000064a400000| PB 0x000000064a400000| Untracked 
| 275|0x000000064a800000, 0x000000064a800000, 0x000000064ac00000|  0%| F|  |TAMS 0x000000064a800000| PB 0x000000064a800000| Untracked 
| 276|0x000000064ac00000, 0x000000064ac00000, 0x000000064b000000|  0%| F|  |TAMS 0x000000064ac00000| PB 0x000000064ac00000| Untracked 
| 277|0x000000064b000000, 0x000000064b000000, 0x000000064b400000|  0%| F|  |TAMS 0x000000064b000000| PB 0x000000064b000000| Untracked 
| 278|0x000000064b400000, 0x000000064b400000, 0x000000064b800000|  0%| F|  |TAMS 0x000000064b400000| PB 0x000000064b400000| Untracked 
| 279|0x000000064b800000, 0x000000064b800000, 0x000000064bc00000|  0%| F|  |TAMS 0x000000064b800000| PB 0x000000064b800000| Untracked 
| 280|0x000000064bc00000, 0x000000064bc00000, 0x000000064c000000|  0%| F|  |TAMS 0x000000064bc00000| PB 0x000000064bc00000| Untracked 
| 281|0x000000064c000000, 0x000000064c000000, 0x000000064c400000|  0%| F|  |TAMS 0x000000064c000000| PB 0x000000064c000000| Untracked 
| 282|0x000000064c400000, 0x000000064c400000, 0x000000064c800000|  0%| F|  |TAMS 0x000000064c400000| PB 0x000000064c400000| Untracked 
| 283|0x000000064c800000, 0x000000064c800000, 0x000000064cc00000|  0%| F|  |TAMS 0x000000064c800000| PB 0x000000064c800000| Untracked 
| 284|0x000000064cc00000, 0x000000064cc00000, 0x000000064d000000|  0%| F|  |TAMS 0x000000064cc00000| PB 0x000000064cc00000| Untracked 
| 285|0x000000064d000000, 0x000000064d000000, 0x000000064d400000|  0%| F|  |TAMS 0x000000064d000000| PB 0x000000064d000000| Untracked 
| 286|0x000000064d400000, 0x000000064d400000, 0x000000064d800000|  0%| F|  |TAMS 0x000000064d400000| PB 0x000000064d400000| Untracked 
| 287|0x000000064d800000, 0x000000064d800000, 0x000000064dc00000|  0%| F|  |TAMS 0x000000064d800000| PB 0x000000064d800000| Untracked 
| 288|0x000000064dc00000, 0x000000064dc00000, 0x000000064e000000|  0%| F|  |TAMS 0x000000064dc00000| PB 0x000000064dc00000| Untracked 
| 289|0x000000064e000000, 0x000000064e000000, 0x000000064e400000|  0%| F|  |TAMS 0x000000064e000000| PB 0x000000064e000000| Untracked 
| 290|0x000000064e400000, 0x000000064e400000, 0x000000064e800000|  0%| F|  |TAMS 0x000000064e400000| PB 0x000000064e400000| Untracked 
| 291|0x000000064e800000, 0x000000064e800000, 0x000000064ec00000|  0%| F|  |TAMS 0x000000064e800000| PB 0x000000064e800000| Untracked 
| 292|0x000000064ec00000, 0x000000064ec00000, 0x000000064f000000|  0%| F|  |TAMS 0x000000064ec00000| PB 0x000000064ec00000| Untracked 
| 293|0x000000064f000000, 0x000000064f000000, 0x000000064f400000|  0%| F|  |TAMS 0x000000064f000000| PB 0x000000064f000000| Untracked 
| 294|0x000000064f400000, 0x000000064f400000, 0x000000064f800000|  0%| F|  |TAMS 0x000000064f400000| PB 0x000000064f400000| Untracked 
| 295|0x000000064f800000, 0x000000064f800000, 0x000000064fc00000|  0%| F|  |TAMS 0x000000064f800000| PB 0x000000064f800000| Untracked 
| 296|0x000000064fc00000, 0x000000064fc00000, 0x0000000650000000|  0%| F|  |TAMS 0x000000064fc00000| PB 0x000000064fc00000| Untracked 
| 297|0x0000000650000000, 0x0000000650000000, 0x0000000650400000|  0%| F|  |TAMS 0x0000000650000000| PB 0x0000000650000000| Untracked 
| 298|0x0000000650400000, 0x0000000650400000, 0x0000000650800000|  0%| F|  |TAMS 0x0000000650400000| PB 0x0000000650400000| Untracked 
| 299|0x0000000650800000, 0x0000000650800000, 0x0000000650c00000|  0%| F|  |TAMS 0x0000000650800000| PB 0x0000000650800000| Untracked 
| 300|0x0000000650c00000, 0x0000000650c00000, 0x0000000651000000|  0%| F|  |TAMS 0x0000000650c00000| PB 0x0000000650c00000| Untracked 
| 301|0x0000000651000000, 0x0000000651000000, 0x0000000651400000|  0%| F|  |TAMS 0x0000000651000000| PB 0x0000000651000000| Untracked 
| 302|0x0000000651400000, 0x0000000651400000, 0x0000000651800000|  0%| F|  |TAMS 0x0000000651400000| PB 0x0000000651400000| Untracked 
| 303|0x0000000651800000, 0x0000000651800000, 0x0000000651c00000|  0%| F|  |TAMS 0x0000000651800000| PB 0x0000000651800000| Untracked 
| 304|0x0000000651c00000, 0x0000000651c00000, 0x0000000652000000|  0%| F|  |TAMS 0x0000000651c00000| PB 0x0000000651c00000| Untracked 
| 305|0x0000000652000000, 0x0000000652000000, 0x0000000652400000|  0%| F|  |TAMS 0x0000000652000000| PB 0x0000000652000000| Untracked 
| 306|0x0000000652400000, 0x0000000652400000, 0x0000000652800000|  0%| F|  |TAMS 0x0000000652400000| PB 0x0000000652400000| Untracked 
| 307|0x0000000652800000, 0x0000000652800000, 0x0000000652c00000|  0%| F|  |TAMS 0x0000000652800000| PB 0x0000000652800000| Untracked 
| 308|0x0000000652c00000, 0x0000000652c00000, 0x0000000653000000|  0%| F|  |TAMS 0x0000000652c00000| PB 0x0000000652c00000| Untracked 
| 309|0x0000000653000000, 0x0000000653000000, 0x0000000653400000|  0%| F|  |TAMS 0x0000000653000000| PB 0x0000000653000000| Untracked 
| 310|0x0000000653400000, 0x0000000653400000, 0x0000000653800000|  0%| F|  |TAMS 0x0000000653400000| PB 0x0000000653400000| Untracked 
| 311|0x0000000653800000, 0x0000000653800000, 0x0000000653c00000|  0%| F|  |TAMS 0x0000000653800000| PB 0x0000000653800000| Untracked 
| 312|0x0000000653c00000, 0x0000000653c00000, 0x0000000654000000|  0%| F|  |TAMS 0x0000000653c00000| PB 0x0000000653c00000| Untracked 
| 313|0x0000000654000000, 0x0000000654000000, 0x0000000654400000|  0%| F|  |TAMS 0x0000000654000000| PB 0x0000000654000000| Untracked 
| 314|0x0000000654400000, 0x0000000654400000, 0x0000000654800000|  0%| F|  |TAMS 0x0000000654400000| PB 0x0000000654400000| Untracked 
| 315|0x0000000654800000, 0x0000000654800000, 0x0000000654c00000|  0%| F|  |TAMS 0x0000000654800000| PB 0x0000000654800000| Untracked 
| 316|0x0000000654c00000, 0x0000000654c00000, 0x0000000655000000|  0%| F|  |TAMS 0x0000000654c00000| PB 0x0000000654c00000| Untracked 
| 317|0x0000000655000000, 0x0000000655000000, 0x0000000655400000|  0%| F|  |TAMS 0x0000000655000000| PB 0x0000000655000000| Untracked 
| 318|0x0000000655400000, 0x0000000655400000, 0x0000000655800000|  0%| F|  |TAMS 0x0000000655400000| PB 0x0000000655400000| Untracked 
| 319|0x0000000655800000, 0x0000000655800000, 0x0000000655c00000|  0%| F|  |TAMS 0x0000000655800000| PB 0x0000000655800000| Untracked 
| 320|0x0000000655c00000, 0x0000000655c00000, 0x0000000656000000|  0%| F|  |TAMS 0x0000000655c00000| PB 0x0000000655c00000| Untracked 
| 321|0x0000000656000000, 0x0000000656000000, 0x0000000656400000|  0%| F|  |TAMS 0x0000000656000000| PB 0x0000000656000000| Untracked 
| 322|0x0000000656400000, 0x0000000656400000, 0x0000000656800000|  0%| F|  |TAMS 0x0000000656400000| PB 0x0000000656400000| Untracked 
| 323|0x0000000656800000, 0x0000000656800000, 0x0000000656c00000|  0%| F|  |TAMS 0x0000000656800000| PB 0x0000000656800000| Untracked 
| 324|0x0000000656c00000, 0x0000000656c00000, 0x0000000657000000|  0%| F|  |TAMS 0x0000000656c00000| PB 0x0000000656c00000| Untracked 
| 325|0x0000000657000000, 0x0000000657000000, 0x0000000657400000|  0%| F|  |TAMS 0x0000000657000000| PB 0x0000000657000000| Untracked 
| 326|0x0000000657400000, 0x0000000657400000, 0x0000000657800000|  0%| F|  |TAMS 0x0000000657400000| PB 0x0000000657400000| Untracked 
| 327|0x0000000657800000, 0x0000000657800000, 0x0000000657c00000|  0%| F|  |TAMS 0x0000000657800000| PB 0x0000000657800000| Untracked 
| 328|0x0000000657c00000, 0x0000000657c00000, 0x0000000658000000|  0%| F|  |TAMS 0x0000000657c00000| PB 0x0000000657c00000| Untracked 
| 329|0x0000000658000000, 0x0000000658000000, 0x0000000658400000|  0%| F|  |TAMS 0x0000000658000000| PB 0x0000000658000000| Untracked 
| 330|0x0000000658400000, 0x0000000658400000, 0x0000000658800000|  0%| F|  |TAMS 0x0000000658400000| PB 0x0000000658400000| Untracked 
| 331|0x0000000658800000, 0x0000000658800000, 0x0000000658c00000|  0%| F|  |TAMS 0x0000000658800000| PB 0x0000000658800000| Untracked 
| 332|0x0000000658c00000, 0x0000000658c00000, 0x0000000659000000|  0%| F|  |TAMS 0x0000000658c00000| PB 0x0000000658c00000| Untracked 
| 333|0x0000000659000000, 0x0000000659000000, 0x0000000659400000|  0%| F|  |TAMS 0x0000000659000000| PB 0x0000000659000000| Untracked 
| 334|0x0000000659400000, 0x0000000659400000, 0x0000000659800000|  0%| F|  |TAMS 0x0000000659400000| PB 0x0000000659400000| Untracked 
| 335|0x0000000659800000, 0x0000000659800000, 0x0000000659c00000|  0%| F|  |TAMS 0x0000000659800000| PB 0x0000000659800000| Untracked 
| 336|0x0000000659c00000, 0x0000000659c00000, 0x000000065a000000|  0%| F|  |TAMS 0x0000000659c00000| PB 0x0000000659c00000| Untracked 
| 337|0x000000065a000000, 0x000000065a000000, 0x000000065a400000|  0%| F|  |TAMS 0x000000065a000000| PB 0x000000065a000000| Untracked 
| 338|0x000000065a400000, 0x000000065a400000, 0x000000065a800000|  0%| F|  |TAMS 0x000000065a400000| PB 0x000000065a400000| Untracked 
| 339|0x000000065a800000, 0x000000065a800000, 0x000000065ac00000|  0%| F|  |TAMS 0x000000065a800000| PB 0x000000065a800000| Untracked 
| 340|0x000000065ac00000, 0x000000065ac00000, 0x000000065b000000|  0%| F|  |TAMS 0x000000065ac00000| PB 0x000000065ac00000| Untracked 
| 341|0x000000065b000000, 0x000000065b000000, 0x000000065b400000|  0%| F|  |TAMS 0x000000065b000000| PB 0x000000065b000000| Untracked 
| 342|0x000000065b400000, 0x000000065b400000, 0x000000065b800000|  0%| F|  |TAMS 0x000000065b400000| PB 0x000000065b400000| Untracked 
| 343|0x000000065b800000, 0x000000065b800000, 0x000000065bc00000|  0%| F|  |TAMS 0x000000065b800000| PB 0x000000065b800000| Untracked 
| 344|0x000000065bc00000, 0x000000065bc00000, 0x000000065c000000|  0%| F|  |TAMS 0x000000065bc00000| PB 0x000000065bc00000| Untracked 
| 345|0x000000065c000000, 0x000000065c000000, 0x000000065c400000|  0%| F|  |TAMS 0x000000065c000000| PB 0x000000065c000000| Untracked 
| 346|0x000000065c400000, 0x000000065c400000, 0x000000065c800000|  0%| F|  |TAMS 0x000000065c400000| PB 0x000000065c400000| Untracked 
| 347|0x000000065c800000, 0x000000065c800000, 0x000000065cc00000|  0%| F|  |TAMS 0x000000065c800000| PB 0x000000065c800000| Untracked 
| 348|0x000000065cc00000, 0x000000065cc00000, 0x000000065d000000|  0%| F|  |TAMS 0x000000065cc00000| PB 0x000000065cc00000| Untracked 
| 349|0x000000065d000000, 0x000000065d000000, 0x000000065d400000|  0%| F|  |TAMS 0x000000065d000000| PB 0x000000065d000000| Untracked 
| 350|0x000000065d400000, 0x000000065d400000, 0x000000065d800000|  0%| F|  |TAMS 0x000000065d400000| PB 0x000000065d400000| Untracked 
| 351|0x000000065d800000, 0x000000065d800000, 0x000000065dc00000|  0%| F|  |TAMS 0x000000065d800000| PB 0x000000065d800000| Untracked 
| 352|0x000000065dc00000, 0x000000065dc00000, 0x000000065e000000|  0%| F|  |TAMS 0x000000065dc00000| PB 0x000000065dc00000| Untracked 
| 353|0x000000065e000000, 0x000000065e000000, 0x000000065e400000|  0%| F|  |TAMS 0x000000065e000000| PB 0x000000065e000000| Untracked 
| 354|0x000000065e400000, 0x000000065e400000, 0x000000065e800000|  0%| F|  |TAMS 0x000000065e400000| PB 0x000000065e400000| Untracked 
| 355|0x000000065e800000, 0x000000065e800000, 0x000000065ec00000|  0%| F|  |TAMS 0x000000065e800000| PB 0x000000065e800000| Untracked 
| 356|0x000000065ec00000, 0x000000065ec00000, 0x000000065f000000|  0%| F|  |TAMS 0x000000065ec00000| PB 0x000000065ec00000| Untracked 
| 357|0x000000065f000000, 0x000000065f000000, 0x000000065f400000|  0%| F|  |TAMS 0x000000065f000000| PB 0x000000065f000000| Untracked 
| 358|0x000000065f400000, 0x000000065f400000, 0x000000065f800000|  0%| F|  |TAMS 0x000000065f400000| PB 0x000000065f400000| Untracked 
| 359|0x000000065f800000, 0x000000065f800000, 0x000000065fc00000|  0%| F|  |TAMS 0x000000065f800000| PB 0x000000065f800000| Untracked 
| 360|0x000000065fc00000, 0x000000065fc00000, 0x0000000660000000|  0%| F|  |TAMS 0x000000065fc00000| PB 0x000000065fc00000| Untracked 
| 361|0x0000000660000000, 0x0000000660000000, 0x0000000660400000|  0%| F|  |TAMS 0x0000000660000000| PB 0x0000000660000000| Untracked 
| 362|0x0000000660400000, 0x0000000660400000, 0x0000000660800000|  0%| F|  |TAMS 0x0000000660400000| PB 0x0000000660400000| Untracked 
| 363|0x0000000660800000, 0x0000000660800000, 0x0000000660c00000|  0%| F|  |TAMS 0x0000000660800000| PB 0x0000000660800000| Untracked 
| 364|0x0000000660c00000, 0x0000000660c00000, 0x0000000661000000|  0%| F|  |TAMS 0x0000000660c00000| PB 0x0000000660c00000| Untracked 
| 365|0x0000000661000000, 0x0000000661000000, 0x0000000661400000|  0%| F|  |TAMS 0x0000000661000000| PB 0x0000000661000000| Untracked 
| 366|0x0000000661400000, 0x0000000661400000, 0x0000000661800000|  0%| F|  |TAMS 0x0000000661400000| PB 0x0000000661400000| Untracked 
| 367|0x0000000661800000, 0x00000006618f1e28, 0x0000000661c00000| 23%| S|CS|TAMS 0x0000000661800000| PB 0x0000000661800000| Complete 
| 368|0x0000000661c00000, 0x0000000662000000, 0x0000000662000000|100%| S|CS|TAMS 0x0000000661c00000| PB 0x0000000661c00000| Complete 
| 369|0x0000000662000000, 0x0000000662400000, 0x0000000662400000|100%| S|CS|TAMS 0x0000000662000000| PB 0x0000000662000000| Complete 
| 370|0x0000000662400000, 0x0000000662800000, 0x0000000662800000|100%| S|CS|TAMS 0x0000000662400000| PB 0x0000000662400000| Complete 
| 371|0x0000000662800000, 0x0000000662c00000, 0x0000000662c00000|100%| S|CS|TAMS 0x0000000662800000| PB 0x0000000662800000| Complete 
| 372|0x0000000662c00000, 0x0000000663000000, 0x0000000663000000|100%| S|CS|TAMS 0x0000000662c00000| PB 0x0000000662c00000| Complete 
| 373|0x0000000663000000, 0x0000000663400000, 0x0000000663400000|100%| S|CS|TAMS 0x0000000663000000| PB 0x0000000663000000| Complete 
| 374|0x0000000663400000, 0x0000000663800000, 0x0000000663800000|100%| S|CS|TAMS 0x0000000663400000| PB 0x0000000663400000| Complete 
| 375|0x0000000663800000, 0x0000000663c00000, 0x0000000663c00000|100%| S|CS|TAMS 0x0000000663800000| PB 0x0000000663800000| Complete 
| 376|0x0000000663c00000, 0x0000000664000000, 0x0000000664000000|100%| S|CS|TAMS 0x0000000663c00000| PB 0x0000000663c00000| Complete 
| 377|0x0000000664000000, 0x0000000664400000, 0x0000000664400000|100%| S|CS|TAMS 0x0000000664000000| PB 0x0000000664000000| Complete 
| 378|0x0000000664400000, 0x0000000664800000, 0x0000000664800000|100%| S|CS|TAMS 0x0000000664400000| PB 0x0000000664400000| Complete 
| 379|0x0000000664800000, 0x0000000664c00000, 0x0000000664c00000|100%| S|CS|TAMS 0x0000000664800000| PB 0x0000000664800000| Complete 
| 380|0x0000000664c00000, 0x0000000665000000, 0x0000000665000000|100%| S|CS|TAMS 0x0000000664c00000| PB 0x0000000664c00000| Complete 
| 381|0x0000000665000000, 0x0000000665400000, 0x0000000665400000|100%| S|CS|TAMS 0x0000000665000000| PB 0x0000000665000000| Complete 
| 382|0x0000000665400000, 0x0000000665800000, 0x0000000665800000|100%| S|CS|TAMS 0x0000000665400000| PB 0x0000000665400000| Complete 
| 383|0x0000000665800000, 0x0000000665c00000, 0x0000000665c00000|100%| S|CS|TAMS 0x0000000665800000| PB 0x0000000665800000| Complete 
| 384|0x0000000665c00000, 0x0000000666000000, 0x0000000666000000|100%| S|CS|TAMS 0x0000000665c00000| PB 0x0000000665c00000| Complete 
| 385|0x0000000666000000, 0x0000000666400000, 0x0000000666400000|100%| S|CS|TAMS 0x0000000666000000| PB 0x0000000666000000| Complete 
| 386|0x0000000666400000, 0x0000000666800000, 0x0000000666800000|100%| S|CS|TAMS 0x0000000666400000| PB 0x0000000666400000| Complete 
| 387|0x0000000666800000, 0x0000000666c00000, 0x0000000666c00000|100%| S|CS|TAMS 0x0000000666800000| PB 0x0000000666800000| Complete 
| 388|0x0000000666c00000, 0x0000000667000000, 0x0000000667000000|100%| S|CS|TAMS 0x0000000666c00000| PB 0x0000000666c00000| Complete 
| 389|0x0000000667000000, 0x0000000667400000, 0x0000000667400000|100%| S|CS|TAMS 0x0000000667000000| PB 0x0000000667000000| Complete 
| 390|0x0000000667400000, 0x0000000667800000, 0x0000000667800000|100%| S|CS|TAMS 0x0000000667400000| PB 0x0000000667400000| Complete 
| 391|0x0000000667800000, 0x0000000667800000, 0x0000000667c00000|  0%| F|  |TAMS 0x0000000667800000| PB 0x0000000667800000| Untracked 
| 392|0x0000000667c00000, 0x0000000667c00000, 0x0000000668000000|  0%| F|  |TAMS 0x0000000667c00000| PB 0x0000000667c00000| Untracked 
| 393|0x0000000668000000, 0x0000000668000000, 0x0000000668400000|  0%| F|  |TAMS 0x0000000668000000| PB 0x0000000668000000| Untracked 
| 394|0x0000000668400000, 0x0000000668400000, 0x0000000668800000|  0%| F|  |TAMS 0x0000000668400000| PB 0x0000000668400000| Untracked 
| 395|0x0000000668800000, 0x0000000668800000, 0x0000000668c00000|  0%| F|  |TAMS 0x0000000668800000| PB 0x0000000668800000| Untracked 
| 396|0x0000000668c00000, 0x0000000668c00000, 0x0000000669000000|  0%| F|  |TAMS 0x0000000668c00000| PB 0x0000000668c00000| Untracked 
| 397|0x0000000669000000, 0x0000000669000000, 0x0000000669400000|  0%| F|  |TAMS 0x0000000669000000| PB 0x0000000669000000| Untracked 
| 398|0x0000000669400000, 0x0000000669400000, 0x0000000669800000|  0%| F|  |TAMS 0x0000000669400000| PB 0x0000000669400000| Untracked 
| 399|0x0000000669800000, 0x0000000669800000, 0x0000000669c00000|  0%| F|  |TAMS 0x0000000669800000| PB 0x0000000669800000| Untracked 
| 400|0x0000000669c00000, 0x0000000669c00000, 0x000000066a000000|  0%| F|  |TAMS 0x0000000669c00000| PB 0x0000000669c00000| Untracked 
| 401|0x000000066a000000, 0x000000066a000000, 0x000000066a400000|  0%| F|  |TAMS 0x000000066a000000| PB 0x000000066a000000| Untracked 
| 402|0x000000066a400000, 0x000000066a400000, 0x000000066a800000|  0%| F|  |TAMS 0x000000066a400000| PB 0x000000066a400000| Untracked 
| 403|0x000000066a800000, 0x000000066a800000, 0x000000066ac00000|  0%| F|  |TAMS 0x000000066a800000| PB 0x000000066a800000| Untracked 
| 404|0x000000066ac00000, 0x000000066ac00000, 0x000000066b000000|  0%| F|  |TAMS 0x000000066ac00000| PB 0x000000066ac00000| Untracked 
| 405|0x000000066b000000, 0x000000066b000000, 0x000000066b400000|  0%| F|  |TAMS 0x000000066b000000| PB 0x000000066b000000| Untracked 
| 406|0x000000066b400000, 0x000000066b400000, 0x000000066b800000|  0%| F|  |TAMS 0x000000066b400000| PB 0x000000066b400000| Untracked 
| 407|0x000000066b800000, 0x000000066b800000, 0x000000066bc00000|  0%| F|  |TAMS 0x000000066b800000| PB 0x000000066b800000| Untracked 
| 408|0x000000066bc00000, 0x000000066bc00000, 0x000000066c000000|  0%| F|  |TAMS 0x000000066bc00000| PB 0x000000066bc00000| Untracked 
| 409|0x000000066c000000, 0x000000066c000000, 0x000000066c400000|  0%| F|  |TAMS 0x000000066c000000| PB 0x000000066c000000| Untracked 
| 410|0x000000066c400000, 0x000000066c400000, 0x000000066c800000|  0%| F|  |TAMS 0x000000066c400000| PB 0x000000066c400000| Untracked 
| 411|0x000000066c800000, 0x000000066c800000, 0x000000066cc00000|  0%| F|  |TAMS 0x000000066c800000| PB 0x000000066c800000| Untracked 
| 412|0x000000066cc00000, 0x000000066cc00000, 0x000000066d000000|  0%| F|  |TAMS 0x000000066cc00000| PB 0x000000066cc00000| Untracked 
| 413|0x000000066d000000, 0x000000066d000000, 0x000000066d400000|  0%| F|  |TAMS 0x000000066d000000| PB 0x000000066d000000| Untracked 
| 414|0x000000066d400000, 0x000000066d400000, 0x000000066d800000|  0%| F|  |TAMS 0x000000066d400000| PB 0x000000066d400000| Untracked 
| 415|0x000000066d800000, 0x000000066d800000, 0x000000066dc00000|  0%| F|  |TAMS 0x000000066d800000| PB 0x000000066d800000| Untracked 
| 416|0x000000066dc00000, 0x000000066dc00000, 0x000000066e000000|  0%| F|  |TAMS 0x000000066dc00000| PB 0x000000066dc00000| Untracked 
| 417|0x000000066e000000, 0x000000066e000000, 0x000000066e400000|  0%| F|  |TAMS 0x000000066e000000| PB 0x000000066e000000| Untracked 
| 418|0x000000066e400000, 0x000000066e400000, 0x000000066e800000|  0%| F|  |TAMS 0x000000066e400000| PB 0x000000066e400000| Untracked 
| 419|0x000000066e800000, 0x000000066e800000, 0x000000066ec00000|  0%| F|  |TAMS 0x000000066e800000| PB 0x000000066e800000| Untracked 
| 420|0x000000066ec00000, 0x000000066ec00000, 0x000000066f000000|  0%| F|  |TAMS 0x000000066ec00000| PB 0x000000066ec00000| Untracked 
| 421|0x000000066f000000, 0x000000066f000000, 0x000000066f400000|  0%| F|  |TAMS 0x000000066f000000| PB 0x000000066f000000| Untracked 
| 422|0x000000066f400000, 0x000000066f400000, 0x000000066f800000|  0%| F|  |TAMS 0x000000066f400000| PB 0x000000066f400000| Untracked 
| 423|0x000000066f800000, 0x000000066f800000, 0x000000066fc00000|  0%| F|  |TAMS 0x000000066f800000| PB 0x000000066f800000| Untracked 
| 424|0x000000066fc00000, 0x000000066fc00000, 0x0000000670000000|  0%| F|  |TAMS 0x000000066fc00000| PB 0x000000066fc00000| Untracked 
| 425|0x0000000670000000, 0x0000000670000000, 0x0000000670400000|  0%| F|  |TAMS 0x0000000670000000| PB 0x0000000670000000| Untracked 
| 426|0x0000000670400000, 0x0000000670400000, 0x0000000670800000|  0%| F|  |TAMS 0x0000000670400000| PB 0x0000000670400000| Untracked 
| 427|0x0000000670800000, 0x0000000670800000, 0x0000000670c00000|  0%| F|  |TAMS 0x0000000670800000| PB 0x0000000670800000| Untracked 
| 428|0x0000000670c00000, 0x0000000670c00000, 0x0000000671000000|  0%| F|  |TAMS 0x0000000670c00000| PB 0x0000000670c00000| Untracked 
| 429|0x0000000671000000, 0x0000000671000000, 0x0000000671400000|  0%| F|  |TAMS 0x0000000671000000| PB 0x0000000671000000| Untracked 
| 430|0x0000000671400000, 0x0000000671400000, 0x0000000671800000|  0%| F|  |TAMS 0x0000000671400000| PB 0x0000000671400000| Untracked 
| 431|0x0000000671800000, 0x0000000671800000, 0x0000000671c00000|  0%| F|  |TAMS 0x0000000671800000| PB 0x0000000671800000| Untracked 
| 432|0x0000000671c00000, 0x0000000671c00000, 0x0000000672000000|  0%| F|  |TAMS 0x0000000671c00000| PB 0x0000000671c00000| Untracked 
| 433|0x0000000672000000, 0x0000000672000000, 0x0000000672400000|  0%| F|  |TAMS 0x0000000672000000| PB 0x0000000672000000| Untracked 
| 434|0x0000000672400000, 0x0000000672400000, 0x0000000672800000|  0%| F|  |TAMS 0x0000000672400000| PB 0x0000000672400000| Untracked 
| 435|0x0000000672800000, 0x0000000672800000, 0x0000000672c00000|  0%| F|  |TAMS 0x0000000672800000| PB 0x0000000672800000| Untracked 
| 436|0x0000000672c00000, 0x0000000672c00000, 0x0000000673000000|  0%| F|  |TAMS 0x0000000672c00000| PB 0x0000000672c00000| Untracked 
| 437|0x0000000673000000, 0x0000000673000000, 0x0000000673400000|  0%| F|  |TAMS 0x0000000673000000| PB 0x0000000673000000| Untracked 
| 438|0x0000000673400000, 0x0000000673400000, 0x0000000673800000|  0%| F|  |TAMS 0x0000000673400000| PB 0x0000000673400000| Untracked 
| 439|0x0000000673800000, 0x0000000673800000, 0x0000000673c00000|  0%| F|  |TAMS 0x0000000673800000| PB 0x0000000673800000| Untracked 
| 440|0x0000000673c00000, 0x0000000673c00000, 0x0000000674000000|  0%| F|  |TAMS 0x0000000673c00000| PB 0x0000000673c00000| Untracked 
| 441|0x0000000674000000, 0x0000000674000000, 0x0000000674400000|  0%| F|  |TAMS 0x0000000674000000| PB 0x0000000674000000| Untracked 
| 442|0x0000000674400000, 0x0000000674400000, 0x0000000674800000|  0%| F|  |TAMS 0x0000000674400000| PB 0x0000000674400000| Untracked 
| 443|0x0000000674800000, 0x0000000674800000, 0x0000000674c00000|  0%| F|  |TAMS 0x0000000674800000| PB 0x0000000674800000| Untracked 
| 444|0x0000000674c00000, 0x0000000674c00000, 0x0000000675000000|  0%| F|  |TAMS 0x0000000674c00000| PB 0x0000000674c00000| Untracked 
| 445|0x0000000675000000, 0x0000000675000000, 0x0000000675400000|  0%| F|  |TAMS 0x0000000675000000| PB 0x0000000675000000| Untracked 
| 446|0x0000000675400000, 0x0000000675400000, 0x0000000675800000|  0%| F|  |TAMS 0x0000000675400000| PB 0x0000000675400000| Untracked 
| 447|0x0000000675800000, 0x0000000675800000, 0x0000000675c00000|  0%| F|  |TAMS 0x0000000675800000| PB 0x0000000675800000| Untracked 
| 448|0x0000000675c00000, 0x0000000675c00000, 0x0000000676000000|  0%| F|  |TAMS 0x0000000675c00000| PB 0x0000000675c00000| Untracked 
| 449|0x0000000676000000, 0x0000000676000000, 0x0000000676400000|  0%| F|  |TAMS 0x0000000676000000| PB 0x0000000676000000| Untracked 
| 450|0x0000000676400000, 0x0000000676400000, 0x0000000676800000|  0%| F|  |TAMS 0x0000000676400000| PB 0x0000000676400000| Untracked 
| 451|0x0000000676800000, 0x0000000676800000, 0x0000000676c00000|  0%| F|  |TAMS 0x0000000676800000| PB 0x0000000676800000| Untracked 
| 452|0x0000000676c00000, 0x0000000676c00000, 0x0000000677000000|  0%| F|  |TAMS 0x0000000676c00000| PB 0x0000000676c00000| Untracked 
| 453|0x0000000677000000, 0x0000000677000000, 0x0000000677400000|  0%| F|  |TAMS 0x0000000677000000| PB 0x0000000677000000| Untracked 
| 454|0x0000000677400000, 0x0000000677400000, 0x0000000677800000|  0%| F|  |TAMS 0x0000000677400000| PB 0x0000000677400000| Untracked 
| 455|0x0000000677800000, 0x0000000677800000, 0x0000000677c00000|  0%| F|  |TAMS 0x0000000677800000| PB 0x0000000677800000| Untracked 
| 456|0x0000000677c00000, 0x0000000677c00000, 0x0000000678000000|  0%| F|  |TAMS 0x0000000677c00000| PB 0x0000000677c00000| Untracked 
| 457|0x0000000678000000, 0x0000000678000000, 0x0000000678400000|  0%| F|  |TAMS 0x0000000678000000| PB 0x0000000678000000| Untracked 
| 458|0x0000000678400000, 0x0000000678400000, 0x0000000678800000|  0%| F|  |TAMS 0x0000000678400000| PB 0x0000000678400000| Untracked 
| 459|0x0000000678800000, 0x0000000678800000, 0x0000000678c00000|  0%| F|  |TAMS 0x0000000678800000| PB 0x0000000678800000| Untracked 
| 460|0x0000000678c00000, 0x0000000678c00000, 0x0000000679000000|  0%| F|  |TAMS 0x0000000678c00000| PB 0x0000000678c00000| Untracked 
| 461|0x0000000679000000, 0x0000000679000000, 0x0000000679400000|  0%| F|  |TAMS 0x0000000679000000| PB 0x0000000679000000| Untracked 
| 462|0x0000000679400000, 0x0000000679400000, 0x0000000679800000|  0%| F|  |TAMS 0x0000000679400000| PB 0x0000000679400000| Untracked 
| 463|0x0000000679800000, 0x0000000679800000, 0x0000000679c00000|  0%| F|  |TAMS 0x0000000679800000| PB 0x0000000679800000| Untracked 
| 464|0x0000000679c00000, 0x0000000679c00000, 0x000000067a000000|  0%| F|  |TAMS 0x0000000679c00000| PB 0x0000000679c00000| Untracked 
| 465|0x000000067a000000, 0x000000067a000000, 0x000000067a400000|  0%| F|  |TAMS 0x000000067a000000| PB 0x000000067a000000| Untracked 
| 466|0x000000067a400000, 0x000000067a400000, 0x000000067a800000|  0%| F|  |TAMS 0x000000067a400000| PB 0x000000067a400000| Untracked 
| 467|0x000000067a800000, 0x000000067a800000, 0x000000067ac00000|  0%| F|  |TAMS 0x000000067a800000| PB 0x000000067a800000| Untracked 
| 468|0x000000067ac00000, 0x000000067ac00000, 0x000000067b000000|  0%| F|  |TAMS 0x000000067ac00000| PB 0x000000067ac00000| Untracked 
| 469|0x000000067b000000, 0x000000067b000000, 0x000000067b400000|  0%| F|  |TAMS 0x000000067b000000| PB 0x000000067b000000| Untracked 
| 470|0x000000067b400000, 0x000000067b400000, 0x000000067b800000|  0%| F|  |TAMS 0x000000067b400000| PB 0x000000067b400000| Untracked 
| 471|0x000000067b800000, 0x000000067b800000, 0x000000067bc00000|  0%| F|  |TAMS 0x000000067b800000| PB 0x000000067b800000| Untracked 
| 472|0x000000067bc00000, 0x000000067bc00000, 0x000000067c000000|  0%| F|  |TAMS 0x000000067bc00000| PB 0x000000067bc00000| Untracked 
| 473|0x000000067c000000, 0x000000067c000000, 0x000000067c400000|  0%| F|  |TAMS 0x000000067c000000| PB 0x000000067c000000| Untracked 
| 474|0x000000067c400000, 0x000000067c400000, 0x000000067c800000|  0%| F|  |TAMS 0x000000067c400000| PB 0x000000067c400000| Untracked 
| 475|0x000000067c800000, 0x000000067c800000, 0x000000067cc00000|  0%| F|  |TAMS 0x000000067c800000| PB 0x000000067c800000| Untracked 
| 476|0x000000067cc00000, 0x000000067cc00000, 0x000000067d000000|  0%| F|  |TAMS 0x000000067cc00000| PB 0x000000067cc00000| Untracked 
| 477|0x000000067d000000, 0x000000067d000000, 0x000000067d400000|  0%| F|  |TAMS 0x000000067d000000| PB 0x000000067d000000| Untracked 
| 478|0x000000067d400000, 0x000000067d400000, 0x000000067d800000|  0%| F|  |TAMS 0x000000067d400000| PB 0x000000067d400000| Untracked 
| 479|0x000000067d800000, 0x000000067d800000, 0x000000067dc00000|  0%| F|  |TAMS 0x000000067d800000| PB 0x000000067d800000| Untracked 
| 480|0x000000067dc00000, 0x000000067dc00000, 0x000000067e000000|  0%| F|  |TAMS 0x000000067dc00000| PB 0x000000067dc00000| Untracked 
| 481|0x000000067e000000, 0x000000067e000000, 0x000000067e400000|  0%| F|  |TAMS 0x000000067e000000| PB 0x000000067e000000| Untracked 
| 482|0x000000067e400000, 0x000000067e400000, 0x000000067e800000|  0%| F|  |TAMS 0x000000067e400000| PB 0x000000067e400000| Untracked 
| 483|0x000000067e800000, 0x000000067e800000, 0x000000067ec00000|  0%| F|  |TAMS 0x000000067e800000| PB 0x000000067e800000| Untracked 
| 484|0x000000067ec00000, 0x000000067ec00000, 0x000000067f000000|  0%| F|  |TAMS 0x000000067ec00000| PB 0x000000067ec00000| Untracked 
| 485|0x000000067f000000, 0x000000067f000000, 0x000000067f400000|  0%| F|  |TAMS 0x000000067f000000| PB 0x000000067f000000| Untracked 
| 486|0x000000067f400000, 0x000000067f400000, 0x000000067f800000|  0%| F|  |TAMS 0x000000067f400000| PB 0x000000067f400000| Untracked 
| 487|0x000000067f800000, 0x000000067f800000, 0x000000067fc00000|  0%| F|  |TAMS 0x000000067f800000| PB 0x000000067f800000| Untracked 
| 488|0x000000067fc00000, 0x000000067fc00000, 0x0000000680000000|  0%| F|  |TAMS 0x000000067fc00000| PB 0x000000067fc00000| Untracked 
| 489|0x0000000680000000, 0x0000000680000000, 0x0000000680400000|  0%| F|  |TAMS 0x0000000680000000| PB 0x0000000680000000| Untracked 
| 490|0x0000000680400000, 0x0000000680400000, 0x0000000680800000|  0%| F|  |TAMS 0x0000000680400000| PB 0x0000000680400000| Untracked 
| 491|0x0000000680800000, 0x0000000680800000, 0x0000000680c00000|  0%| F|  |TAMS 0x0000000680800000| PB 0x0000000680800000| Untracked 
| 492|0x0000000680c00000, 0x0000000680c00000, 0x0000000681000000|  0%| F|  |TAMS 0x0000000680c00000| PB 0x0000000680c00000| Untracked 
| 493|0x0000000681000000, 0x0000000681000000, 0x0000000681400000|  0%| F|  |TAMS 0x0000000681000000| PB 0x0000000681000000| Untracked 
| 494|0x0000000681400000, 0x0000000681400000, 0x0000000681800000|  0%| F|  |TAMS 0x0000000681400000| PB 0x0000000681400000| Untracked 
| 495|0x0000000681800000, 0x0000000681800000, 0x0000000681c00000|  0%| F|  |TAMS 0x0000000681800000| PB 0x0000000681800000| Untracked 
| 496|0x0000000681c00000, 0x0000000681c00000, 0x0000000682000000|  0%| F|  |TAMS 0x0000000681c00000| PB 0x0000000681c00000| Untracked 
| 497|0x0000000682000000, 0x0000000682000000, 0x0000000682400000|  0%| F|  |TAMS 0x0000000682000000| PB 0x0000000682000000| Untracked 
| 498|0x0000000682400000, 0x0000000682400000, 0x0000000682800000|  0%| F|  |TAMS 0x0000000682400000| PB 0x0000000682400000| Untracked 
| 499|0x0000000682800000, 0x0000000682800000, 0x0000000682c00000|  0%| F|  |TAMS 0x0000000682800000| PB 0x0000000682800000| Untracked 
| 500|0x0000000682c00000, 0x0000000682c00000, 0x0000000683000000|  0%| F|  |TAMS 0x0000000682c00000| PB 0x0000000682c00000| Untracked 
| 501|0x0000000683000000, 0x0000000683000000, 0x0000000683400000|  0%| F|  |TAMS 0x0000000683000000| PB 0x0000000683000000| Untracked 
| 502|0x0000000683400000, 0x0000000683400000, 0x0000000683800000|  0%| F|  |TAMS 0x0000000683400000| PB 0x0000000683400000| Untracked 
| 503|0x0000000683800000, 0x0000000683800000, 0x0000000683c00000|  0%| F|  |TAMS 0x0000000683800000| PB 0x0000000683800000| Untracked 
| 504|0x0000000683c00000, 0x0000000683c00000, 0x0000000684000000|  0%| F|  |TAMS 0x0000000683c00000| PB 0x0000000683c00000| Untracked 
| 505|0x0000000684000000, 0x0000000684000000, 0x0000000684400000|  0%| F|  |TAMS 0x0000000684000000| PB 0x0000000684000000| Untracked 
| 506|0x0000000684400000, 0x0000000684400000, 0x0000000684800000|  0%| F|  |TAMS 0x0000000684400000| PB 0x0000000684400000| Untracked 
| 507|0x0000000684800000, 0x0000000684800000, 0x0000000684c00000|  0%| F|  |TAMS 0x0000000684800000| PB 0x0000000684800000| Untracked 
| 508|0x0000000684c00000, 0x0000000684c00000, 0x0000000685000000|  0%| F|  |TAMS 0x0000000684c00000| PB 0x0000000684c00000| Untracked 
| 509|0x0000000685000000, 0x0000000685000000, 0x0000000685400000|  0%| F|  |TAMS 0x0000000685000000| PB 0x0000000685000000| Untracked 
| 510|0x0000000685400000, 0x0000000685400000, 0x0000000685800000|  0%| F|  |TAMS 0x0000000685400000| PB 0x0000000685400000| Untracked 
| 511|0x0000000685800000, 0x0000000685800000, 0x0000000685c00000|  0%| F|  |TAMS 0x0000000685800000| PB 0x0000000685800000| Untracked 
| 512|0x0000000685c00000, 0x0000000685c00000, 0x0000000686000000|  0%| F|  |TAMS 0x0000000685c00000| PB 0x0000000685c00000| Untracked 
| 513|0x0000000686000000, 0x0000000686000000, 0x0000000686400000|  0%| F|  |TAMS 0x0000000686000000| PB 0x0000000686000000| Untracked 
| 514|0x0000000686400000, 0x0000000686400000, 0x0000000686800000|  0%| F|  |TAMS 0x0000000686400000| PB 0x0000000686400000| Untracked 
| 515|0x0000000686800000, 0x0000000686800000, 0x0000000686c00000|  0%| F|  |TAMS 0x0000000686800000| PB 0x0000000686800000| Untracked 
| 516|0x0000000686c00000, 0x0000000686c00000, 0x0000000687000000|  0%| F|  |TAMS 0x0000000686c00000| PB 0x0000000686c00000| Untracked 
| 517|0x0000000687000000, 0x0000000687000000, 0x0000000687400000|  0%| F|  |TAMS 0x0000000687000000| PB 0x0000000687000000| Untracked 
| 518|0x0000000687400000, 0x0000000687400000, 0x0000000687800000|  0%| F|  |TAMS 0x0000000687400000| PB 0x0000000687400000| Untracked 
| 519|0x0000000687800000, 0x0000000687800000, 0x0000000687c00000|  0%| F|  |TAMS 0x0000000687800000| PB 0x0000000687800000| Untracked 
| 520|0x0000000687c00000, 0x0000000687c00000, 0x0000000688000000|  0%| F|  |TAMS 0x0000000687c00000| PB 0x0000000687c00000| Untracked 
| 521|0x0000000688000000, 0x0000000688000000, 0x0000000688400000|  0%| F|  |TAMS 0x0000000688000000| PB 0x0000000688000000| Untracked 
| 522|0x0000000688400000, 0x0000000688400000, 0x0000000688800000|  0%| F|  |TAMS 0x0000000688400000| PB 0x0000000688400000| Untracked 
| 523|0x0000000688800000, 0x0000000688800000, 0x0000000688c00000|  0%| F|  |TAMS 0x0000000688800000| PB 0x0000000688800000| Untracked 
| 524|0x0000000688c00000, 0x0000000688c00000, 0x0000000689000000|  0%| F|  |TAMS 0x0000000688c00000| PB 0x0000000688c00000| Untracked 
| 525|0x0000000689000000, 0x0000000689000000, 0x0000000689400000|  0%| F|  |TAMS 0x0000000689000000| PB 0x0000000689000000| Untracked 
| 526|0x0000000689400000, 0x0000000689400000, 0x0000000689800000|  0%| F|  |TAMS 0x0000000689400000| PB 0x0000000689400000| Untracked 
| 527|0x0000000689800000, 0x0000000689800000, 0x0000000689c00000|  0%| F|  |TAMS 0x0000000689800000| PB 0x0000000689800000| Untracked 
| 528|0x0000000689c00000, 0x0000000689c00000, 0x000000068a000000|  0%| F|  |TAMS 0x0000000689c00000| PB 0x0000000689c00000| Untracked 
| 529|0x000000068a000000, 0x000000068a000000, 0x000000068a400000|  0%| F|  |TAMS 0x000000068a000000| PB 0x000000068a000000| Untracked 
| 530|0x000000068a400000, 0x000000068a400000, 0x000000068a800000|  0%| F|  |TAMS 0x000000068a400000| PB 0x000000068a400000| Untracked 
| 531|0x000000068a800000, 0x000000068a800000, 0x000000068ac00000|  0%| F|  |TAMS 0x000000068a800000| PB 0x000000068a800000| Untracked 
| 532|0x000000068ac00000, 0x000000068ac00000, 0x000000068b000000|  0%| F|  |TAMS 0x000000068ac00000| PB 0x000000068ac00000| Untracked 
| 533|0x000000068b000000, 0x000000068b000000, 0x000000068b400000|  0%| F|  |TAMS 0x000000068b000000| PB 0x000000068b000000| Untracked 
| 534|0x000000068b400000, 0x000000068b400000, 0x000000068b800000|  0%| F|  |TAMS 0x000000068b400000| PB 0x000000068b400000| Untracked 
| 535|0x000000068b800000, 0x000000068b800000, 0x000000068bc00000|  0%| F|  |TAMS 0x000000068b800000| PB 0x000000068b800000| Untracked 
| 536|0x000000068bc00000, 0x000000068bc00000, 0x000000068c000000|  0%| F|  |TAMS 0x000000068bc00000| PB 0x000000068bc00000| Untracked 
| 537|0x000000068c000000, 0x000000068c000000, 0x000000068c400000|  0%| F|  |TAMS 0x000000068c000000| PB 0x000000068c000000| Untracked 
| 538|0x000000068c400000, 0x000000068c400000, 0x000000068c800000|  0%| F|  |TAMS 0x000000068c400000| PB 0x000000068c400000| Untracked 
| 539|0x000000068c800000, 0x000000068c800000, 0x000000068cc00000|  0%| F|  |TAMS 0x000000068c800000| PB 0x000000068c800000| Untracked 
| 540|0x000000068cc00000, 0x000000068cc00000, 0x000000068d000000|  0%| F|  |TAMS 0x000000068cc00000| PB 0x000000068cc00000| Untracked 
| 541|0x000000068d000000, 0x000000068d000000, 0x000000068d400000|  0%| F|  |TAMS 0x000000068d000000| PB 0x000000068d000000| Untracked 
| 542|0x000000068d400000, 0x000000068d400000, 0x000000068d800000|  0%| F|  |TAMS 0x000000068d400000| PB 0x000000068d400000| Untracked 
| 543|0x000000068d800000, 0x000000068d800000, 0x000000068dc00000|  0%| F|  |TAMS 0x000000068d800000| PB 0x000000068d800000| Untracked 
| 544|0x000000068dc00000, 0x000000068dc00000, 0x000000068e000000|  0%| F|  |TAMS 0x000000068dc00000| PB 0x000000068dc00000| Untracked 
| 545|0x000000068e000000, 0x000000068e000000, 0x000000068e400000|  0%| F|  |TAMS 0x000000068e000000| PB 0x000000068e000000| Untracked 
| 546|0x000000068e400000, 0x000000068e400000, 0x000000068e800000|  0%| F|  |TAMS 0x000000068e400000| PB 0x000000068e400000| Untracked 
| 547|0x000000068e800000, 0x000000068e800000, 0x000000068ec00000|  0%| F|  |TAMS 0x000000068e800000| PB 0x000000068e800000| Untracked 
| 548|0x000000068ec00000, 0x000000068ec00000, 0x000000068f000000|  0%| F|  |TAMS 0x000000068ec00000| PB 0x000000068ec00000| Untracked 
| 549|0x000000068f000000, 0x000000068f000000, 0x000000068f400000|  0%| F|  |TAMS 0x000000068f000000| PB 0x000000068f000000| Untracked 
| 550|0x000000068f400000, 0x000000068f400000, 0x000000068f800000|  0%| F|  |TAMS 0x000000068f400000| PB 0x000000068f400000| Untracked 
| 551|0x000000068f800000, 0x000000068f800000, 0x000000068fc00000|  0%| F|  |TAMS 0x000000068f800000| PB 0x000000068f800000| Untracked 
| 552|0x000000068fc00000, 0x000000068fc00000, 0x0000000690000000|  0%| F|  |TAMS 0x000000068fc00000| PB 0x000000068fc00000| Untracked 
| 553|0x0000000690000000, 0x0000000690000000, 0x0000000690400000|  0%| F|  |TAMS 0x0000000690000000| PB 0x0000000690000000| Untracked 

Card table byte_map: [0x0000018fef200000,0x0000018ff01e0000] _byte_map_base: 0x0000018fec1d2000

Marking Bits: (CMBitMap*) 0x0000018fdd6f95e0
 Bits: [0x0000018ff01e0000, 0x0000018ff8070000)

Polling page: 0x0000018fd2800000

Metaspace:

Usage:
  Non-class:     18.62 MB used.
      Class:      2.13 MB used.
       Both:     20.76 MB used.

Virtual space:
  Non-class space:       64.00 MB reserved,      18.75 MB ( 29%) committed,  1 nodes.
      Class space:        1.00 GB reserved,       2.25 MB ( <1%) committed,  1 nodes.
             Both:        1.06 GB reserved,      21.00 MB (  2%) committed. 

Chunk freelists:
   Non-Class:  12.88 MB
       Class:  13.56 MB
        Both:  26.44 MB

MaxMetaspaceSize: unlimited
CompressedClassSpaceSize: 1.00 GB
Initial GC threshold: 21.00 MB
Current GC threshold: 21.00 MB
CDS: on
 - commit_granule_bytes: 65536.
 - commit_granule_words: 8192.
 - virtual_space_node_default_size: 8388608.
 - enlarge_chunks_in_place: 1.
 - use_allocation_guard: 0.


Internal statistics:

num_allocs_failed_limit: 3.
num_arena_births: 282.
num_arena_deaths: 0.
num_vsnodes_births: 2.
num_vsnodes_deaths: 0.
num_space_committed: 336.
num_space_uncommitted: 0.
num_chunks_returned_to_freelist: 3.
num_chunks_taken_from_freelist: 825.
num_chunk_merges: 3.
num_chunk_splits: 614.
num_chunks_enlarged: 478.
num_inconsistent_stats: 0.

CodeHeap 'non-profiled nmethods': size=118848Kb used=4668Kb max_used=4668Kb free=114179Kb
 bounds [0x0000018fe53c0000, 0x0000018fe5850000, 0x0000018fec7d0000]
CodeHeap 'profiled nmethods': size=118848Kb used=9997Kb max_used=9997Kb free=108850Kb
 bounds [0x0000018fdd7d0000, 0x0000018fde1a0000, 0x0000018fe4be0000]
CodeHeap 'non-nmethods': size=8064Kb used=2122Kb max_used=3875Kb free=5941Kb
 bounds [0x0000018fe4be0000, 0x0000018fe4fb0000, 0x0000018fe53c0000]
 total_blobs=4164 nmethods=3593 adapters=474
 compilation: enabled
              stopped_count=0, restarted_count=0
 full_count=0

Compilation events (20 events):
Event: 5.580 Thread 0x0000018fc7471250 3593       4       jdk.internal.util.StrongReferenceKey::hashCode (8 bytes)
Event: 5.580 Thread 0x0000018fc746f710 3598       3       java.lang.invoke.DirectMethodHandle::rebind (5 bytes)
Event: 5.580 Thread 0x0000018ffbc30220 3599       3       java.lang.invoke.BoundMethodHandle::makeReinvoker (27 bytes)
Event: 5.580 Thread 0x0000018fc746f710 nmethod 3598 0x0000018fde18d610 code [0x0000018fde18d7c0, 0x0000018fde18d900]
Event: 5.580 Thread 0x0000018fc746f710 3594       3       java.lang.invoke.MethodHandles$Lookup::findBoundCallerLookup (30 bytes)
Event: 5.580 Thread 0x0000018ffbc30220 nmethod 3599 0x0000018fde18da10 code [0x0000018fde18dbe0, 0x0000018fde18ded8]
Event: 5.580 Thread 0x0000018ffbc30220 3595       3       java.lang.invoke.MethodHandles$Lookup::getDirectMethodCommon (300 bytes)
Event: 5.581 Thread 0x0000018fc746f710 nmethod 3594 0x0000018fde18e090 code [0x0000018fde18e2a0, 0x0000018fde18e908]
Event: 5.581 Thread 0x0000018fc746f710 3596       3       java.lang.invoke.MethodHandles$Lookup::checkMethod (87 bytes)
Event: 5.581 Thread 0x0000018fc746f710 nmethod 3596 0x0000018fde18ed90 code [0x0000018fde18efa0, 0x0000018fde18f680]
Event: 5.581 Thread 0x0000018fc746f710 3597       3       java.lang.invoke.MethodHandles$Lookup::maybeBindCaller (72 bytes)
Event: 5.581 Thread 0x0000018ffbc30220 nmethod 3595 0x0000018fde18fb90 code [0x0000018fde18ff00, 0x0000018fde1910d8]
Event: 5.581 Thread 0x0000018fc746f710 nmethod 3597 0x0000018fde192090 code [0x0000018fde1922c0, 0x0000018fde192a68]
Event: 5.582 Thread 0x0000018fc746f710 3600       3       java.lang.StringBuilder::append (8 bytes)
Event: 5.582 Thread 0x0000018fc746f710 nmethod 3600 0x0000018fde193010 code [0x0000018fde1931c0, 0x0000018fde193318]
Event: 5.582 Thread 0x0000018fc7471250 nmethod 3593 0x0000018fe584dd10 code [0x0000018fe584df20, 0x0000018fe584e4a0]
Event: 5.587 Thread 0x0000018fc746f710 3601       3       java.util.Collections::emptyMap (4 bytes)
Event: 5.587 Thread 0x0000018fc7471250 3602       4       java.util.ArrayList::<init> (12 bytes)
Event: 5.587 Thread 0x0000018fc746f710 nmethod 3601 0x0000018fde193410 code [0x0000018fde1935a0, 0x0000018fde193698]
Event: 5.587 Thread 0x0000018fc7471250 nmethod 3602 0x0000018fe584ed10 code [0x0000018fe584eea0, 0x0000018fe584f000]

GC Heap History (20 events):
Event: 2.149 GC heap after
{Heap after GC invocations=8 (full 0):
 garbage-first heap   total 638976K, used 122476K [0x0000000605c00000, 0x0000000800000000)
  region size 4096K, 11 young (45056K), 11 survivors (45056K)
 Metaspace       used 17307K, committed 17664K, reserved 1114112K
  class space    used 1685K, committed 1856K, reserved 1048576K
}
Event: 2.308 GC heap before
{Heap before GC invocations=8 (full 0):
 garbage-first heap   total 638976K, used 454252K [0x0000000605c00000, 0x0000000800000000)
  region size 4096K, 93 young (380928K), 11 survivors (45056K)
 Metaspace       used 17307K, committed 17664K, reserved 1114112K
  class space    used 1685K, committed 1856K, reserved 1048576K
}
Event: 2.325 GC heap after
{Heap after GC invocations=9 (full 0):
 garbage-first heap   total 638976K, used 155045K [0x0000000605c00000, 0x0000000800000000)
  region size 4096K, 7 young (28672K), 7 survivors (28672K)
 Metaspace       used 17307K, committed 17664K, reserved 1114112K
  class space    used 1685K, committed 1856K, reserved 1048576K
}
Event: 2.455 GC heap before
{Heap before GC invocations=9 (full 0):
 garbage-first heap   total 638976K, used 503205K [0x0000000605c00000, 0x0000000800000000)
  region size 4096K, 93 young (380928K), 7 survivors (28672K)
 Metaspace       used 17307K, committed 17664K, reserved 1114112K
  class space    used 1685K, committed 1856K, reserved 1048576K
}
Event: 2.468 GC heap after
{Heap after GC invocations=10 (full 0):
 garbage-first heap   total 1191936K, used 180274K [0x0000000605c00000, 0x0000000800000000)
  region size 4096K, 6 young (24576K), 6 survivors (24576K)
 Metaspace       used 17307K, committed 17664K, reserved 1114112K
  class space    used 1685K, committed 1856K, reserved 1048576K
}
Event: 2.729 GC heap before
{Heap before GC invocations=10 (full 0):
 garbage-first heap   total 1191936K, used 864306K [0x0000000605c00000, 0x0000000800000000)
  region size 4096K, 174 young (712704K), 6 survivors (24576K)
 Metaspace       used 17307K, committed 17664K, reserved 1114112K
  class space    used 1685K, committed 1856K, reserved 1048576K
}
Event: 2.745 GC heap after
{Heap after GC invocations=11 (full 0):
 garbage-first heap   total 1191936K, used 216758K [0x0000000605c00000, 0x0000000800000000)
  region size 4096K, 15 young (61440K), 15 survivors (61440K)
 Metaspace       used 17307K, committed 17664K, reserved 1114112K
  class space    used 1685K, committed 1856K, reserved 1048576K
}
Event: 2.968 GC heap before
{Heap before GC invocations=11 (full 0):
 garbage-first heap   total 1191936K, used 863926K [0x0000000605c00000, 0x0000000800000000)
  region size 4096K, 175 young (716800K), 15 survivors (61440K)
 Metaspace       used 17307K, committed 17664K, reserved 1114112K
  class space    used 1685K, committed 1856K, reserved 1048576K
}
Event: 2.992 GC heap after
{Heap after GC invocations=12 (full 0):
 garbage-first heap   total 1191936K, used 260215K [0x0000000605c00000, 0x0000000800000000)
  region size 4096K, 20 young (81920K), 20 survivors (81920K)
 Metaspace       used 17307K, committed 17664K, reserved 1114112K
  class space    used 1685K, committed 1856K, reserved 1048576K
}
Event: 3.198 GC heap before
{Heap before GC invocations=12 (full 0):
 garbage-first heap   total 1191936K, used 886903K [0x0000000605c00000, 0x0000000800000000)
  region size 4096K, 174 young (712704K), 20 survivors (81920K)
 Metaspace       used 17310K, committed 17664K, reserved 1114112K
  class space    used 1685K, committed 1856K, reserved 1048576K
}
Event: 3.226 GC heap after
{Heap after GC invocations=13 (full 0):
 garbage-first heap   total 1191936K, used 298028K [0x0000000605c00000, 0x0000000800000000)
  region size 4096K, 18 young (73728K), 18 survivors (73728K)
 Metaspace       used 17310K, committed 17664K, reserved 1114112K
  class space    used 1685K, committed 1856K, reserved 1048576K
}
Event: 3.454 GC heap before
{Heap before GC invocations=13 (full 0):
 garbage-first heap   total 1191936K, used 932908K [0x0000000605c00000, 0x0000000800000000)
  region size 4096K, 174 young (712704K), 18 survivors (73728K)
 Metaspace       used 17440K, committed 17728K, reserved 1114112K
  class space    used 1689K, committed 1856K, reserved 1048576K
}
Event: 3.483 GC heap after
{Heap after GC invocations=14 (full 0):
 garbage-first heap   total 2269184K, used 350133K [0x0000000605c00000, 0x0000000800000000)
  region size 4096K, 21 young (86016K), 21 survivors (86016K)
 Metaspace       used 17440K, committed 17728K, reserved 1114112K
  class space    used 1689K, committed 1856K, reserved 1048576K
}
Event: 4.225 GC heap before
{Heap before GC invocations=14 (full 0):
 garbage-first heap   total 2269184K, used 1619893K [0x0000000605c00000, 0x0000000800000000)
  region size 4096K, 332 young (1359872K), 21 survivors (86016K)
 Metaspace       used 17665K, committed 17984K, reserved 1114112K
  class space    used 1698K, committed 1856K, reserved 1048576K
}
Event: 4.269 GC heap after
{Heap after GC invocations=15 (full 0):
 garbage-first heap   total 2269184K, used 458197K [0x0000000605c00000, 0x0000000800000000)
  region size 4096K, 42 young (172032K), 42 survivors (172032K)
 Metaspace       used 17665K, committed 17984K, reserved 1114112K
  class space    used 1698K, committed 1856K, reserved 1048576K
}
Event: 4.632 GC heap before
{Heap before GC invocations=15 (full 0):
 garbage-first heap   total 2269184K, used 1576405K [0x0000000605c00000, 0x0000000800000000)
  region size 4096K, 316 young (1294336K), 42 survivors (172032K)
 Metaspace       used 17666K, committed 17984K, reserved 1114112K
  class space    used 1698K, committed 1856K, reserved 1048576K
}
Event: 4.676 GC heap after
{Heap after GC invocations=16 (full 0):
 garbage-first heap   total 2269184K, used 539895K [0x0000000605c00000, 0x0000000800000000)
  region size 4096K, 18 young (73728K), 18 survivors (73728K)
 Metaspace       used 17666K, committed 17984K, reserved 1114112K
  class space    used 1698K, committed 1856K, reserved 1048576K
}
Event: 5.104 GC heap before
{Heap before GC invocations=16 (full 0):
 garbage-first heap   total 2269184K, used 1809655K [0x0000000605c00000, 0x0000000800000000)
  region size 4096K, 329 young (1347584K), 18 survivors (73728K)
 Metaspace       used 17666K, committed 17984K, reserved 1114112K
  class space    used 1698K, committed 1856K, reserved 1048576K
}
Event: 5.136 GC heap after
{Heap after GC invocations=17 (full 0):
 garbage-first heap   total 2269184K, used 600803K [0x0000000605c00000, 0x0000000800000000)
  region size 4096K, 33 young (135168K), 33 survivors (135168K)
 Metaspace       used 17666K, committed 17984K, reserved 1114112K
  class space    used 1698K, committed 1856K, reserved 1048576K
}
Event: 5.587 GC heap before
{Heap before GC invocations=17 (full 0):
 garbage-first heap   total 2269184K, used 1260259K [0x0000000605c00000, 0x0000000800000000)
  region size 4096K, 196 young (802816K), 33 survivors (135168K)
 Metaspace       used 21256K, committed 21504K, reserved 1114112K
  class space    used 2186K, committed 2304K, reserved 1048576K
}

Dll operation events (10 events):
Event: 0.008 Loaded shared library C:\Program Files\Amazon Corretto\jdk21.0.4_7\bin\java.dll
Event: 0.009 Loaded shared library C:\Program Files\Amazon Corretto\jdk21.0.4_7\bin\zip.dll
Event: 0.026 Loaded shared library C:\Program Files\Amazon Corretto\jdk21.0.4_7\bin\jsvml.dll
Event: 0.165 Loaded shared library C:\Program Files\Amazon Corretto\jdk21.0.4_7\bin\instrument.dll
Event: 0.175 Loaded shared library C:\Program Files\Amazon Corretto\jdk21.0.4_7\bin\net.dll
Event: 0.177 Loaded shared library C:\Program Files\Amazon Corretto\jdk21.0.4_7\bin\nio.dll
Event: 0.209 Loaded shared library C:\Program Files\Amazon Corretto\jdk21.0.4_7\bin\zip.dll
Event: 0.602 Loaded shared library C:\Program Files\Amazon Corretto\jdk21.0.4_7\bin\jimage.dll
Event: 0.847 Loaded shared library C:\Program Files\Amazon Corretto\jdk21.0.4_7\bin\management.dll
Event: 0.851 Loaded shared library C:\Program Files\Amazon Corretto\jdk21.0.4_7\bin\management_ext.dll

Deoptimization events (20 events):
Event: 5.507 Thread 0x0000018fdd63fd00 Uncommon trap: trap_request=0xffffffc6 fr.pc=0x0000018fe55e3aac relative=0x000000000000044c
Event: 5.507 Thread 0x0000018fdd63fd00 Uncommon trap: reason=bimorphic_or_optimized_type_check action=maybe_recompile pc=0x0000018fe55e3aac method=java.nio.Buffer.<init>(IIIILjava/lang/foreign/MemorySegment;)V @ 39 c2
Event: 5.507 Thread 0x0000018fdd63fd00 DEOPT PACKING pc=0x0000018fe55e3aac sp=0x00000044e43f8ef0
Event: 5.507 Thread 0x0000018fdd63fd00 DEOPT UNPACKING pc=0x0000018fe4c346a2 sp=0x00000044e43f8ee8 mode 2
Event: 5.509 Thread 0x0000018fdd63fd00 Uncommon trap: trap_request=0xffffffc6 fr.pc=0x0000018fe55e3aac relative=0x000000000000044c
Event: 5.509 Thread 0x0000018fdd63fd00 Uncommon trap: reason=bimorphic_or_optimized_type_check action=maybe_recompile pc=0x0000018fe55e3aac method=java.nio.Buffer.<init>(IIIILjava/lang/foreign/MemorySegment;)V @ 39 c2
Event: 5.509 Thread 0x0000018fdd63fd00 DEOPT PACKING pc=0x0000018fe55e3aac sp=0x00000044e43f8ef0
Event: 5.509 Thread 0x0000018fdd63fd00 DEOPT UNPACKING pc=0x0000018fe4c346a2 sp=0x00000044e43f8ee8 mode 2
Event: 5.526 Thread 0x0000018fdd63fd00 Uncommon trap: trap_request=0xffffff45 fr.pc=0x0000018fe53f0264 relative=0x0000000000000784
Event: 5.526 Thread 0x0000018fdd63fd00 Uncommon trap: reason=unstable_if action=reinterpret pc=0x0000018fe53f0264 method=java.lang.AbstractStringBuilder.append(Ljava/lang/String;)Ljava/lang/AbstractStringBuilder; @ 1 c2
Event: 5.526 Thread 0x0000018fdd63fd00 DEOPT PACKING pc=0x0000018fe53f0264 sp=0x00000044e43fbbb0
Event: 5.526 Thread 0x0000018fdd63fd00 DEOPT UNPACKING pc=0x0000018fe4c346a2 sp=0x00000044e43fbb60 mode 2
Event: 5.564 Thread 0x0000018fdd63fd00 Uncommon trap: trap_request=0xffffff45 fr.pc=0x0000018fe5404e3c relative=0x000000000000075c
Event: 5.564 Thread 0x0000018fdd63fd00 Uncommon trap: reason=unstable_if action=reinterpret pc=0x0000018fe5404e3c method=java.lang.AbstractStringBuilder.append(Ljava/lang/String;)Ljava/lang/AbstractStringBuilder; @ 1 c2
Event: 5.564 Thread 0x0000018fdd63fd00 DEOPT PACKING pc=0x0000018fe5404e3c sp=0x00000044e43fc230
Event: 5.564 Thread 0x0000018fdd63fd00 DEOPT UNPACKING pc=0x0000018fe4c346a2 sp=0x00000044e43fc238 mode 2
Event: 5.577 Thread 0x0000018fdd63fd00 Uncommon trap: trap_request=0xffffff45 fr.pc=0x0000018fe549dae4 relative=0x0000000000000344
Event: 5.577 Thread 0x0000018fdd63fd00 Uncommon trap: reason=unstable_if action=reinterpret pc=0x0000018fe549dae4 method=jdk.internal.org.objectweb.asm.SymbolTable.put(Ljdk/internal/org/objectweb/asm/SymbolTable$Entry;)Ljdk/internal/org/objectweb/asm/SymbolTable$Entry; @ 13 c2
Event: 5.577 Thread 0x0000018fdd63fd00 DEOPT PACKING pc=0x0000018fe549dae4 sp=0x00000044e43fb240
Event: 5.577 Thread 0x0000018fdd63fd00 DEOPT UNPACKING pc=0x0000018fe4c346a2 sp=0x00000044e43fb1d0 mode 2

Classes loaded (20 events):
Event: 5.586 Loading class kotlin/reflect/jvm/internal/impl/metadata/ProtoBuf$Type$Argument
Event: 5.586 Loading class kotlin/reflect/jvm/internal/impl/metadata/ProtoBuf$Type$Argument done
Event: 5.586 Loading class kotlin/reflect/jvm/internal/impl/metadata/ProtoBuf$Type$ArgumentOrBuilder
Event: 5.586 Loading class kotlin/reflect/jvm/internal/impl/metadata/ProtoBuf$Type$ArgumentOrBuilder done
Event: 5.586 Loading class kotlin/reflect/jvm/internal/impl/metadata/ProtoBuf$Type$Argument$1
Event: 5.586 Loading class kotlin/reflect/jvm/internal/impl/metadata/ProtoBuf$Type$Argument$1 done
Event: 5.586 Loading class kotlin/reflect/jvm/internal/impl/metadata/ProtoBuf$Type$Argument$Projection
Event: 5.586 Loading class kotlin/reflect/jvm/internal/impl/metadata/ProtoBuf$Type$Argument$Projection done
Event: 5.586 Loading class kotlin/reflect/jvm/internal/impl/metadata/ProtoBuf$Type$Argument$Projection$1
Event: 5.586 Loading class kotlin/reflect/jvm/internal/impl/metadata/ProtoBuf$Type$Argument$Projection$1 done
Event: 5.587 Loading class kotlin/reflect/jvm/internal/impl/protobuf/GeneratedMessageLite$1
Event: 5.587 Loading class kotlin/reflect/jvm/internal/impl/protobuf/GeneratedMessageLite$1 done
Event: 5.587 Loading class kotlin/reflect/jvm/internal/impl/metadata/jvm/JvmProtoBuf$JvmMethodSignature$Builder
Event: 5.587 Loading class kotlin/reflect/jvm/internal/impl/metadata/jvm/JvmProtoBuf$JvmMethodSignature$Builder done
Event: 5.587 Loading class kotlin/reflect/jvm/internal/impl/protobuf/GeneratedMessageLite$Builder
Event: 5.587 Loading class kotlin/reflect/jvm/internal/impl/protobuf/GeneratedMessageLite$Builder done
Event: 5.587 Loading class kotlin/reflect/jvm/internal/impl/protobuf/AbstractMessageLite$Builder
Event: 5.587 Loading class kotlin/reflect/jvm/internal/impl/protobuf/AbstractMessageLite$Builder done
Event: 5.587 Loading class kotlin/reflect/jvm/internal/impl/protobuf/UninitializedMessageException
Event: 5.587 Loading class kotlin/reflect/jvm/internal/impl/protobuf/UninitializedMessageException done

Classes unloaded (0 events):
No events

Classes redefined (1 events):
Event: 1.106 Thread 0x0000018ffbbf1140 redefined class name=java.lang.Throwable, count=1

Internal exceptions (20 events):
Event: 1.550 Thread 0x0000018fc8791280 Exception <a 'sun/nio/fs/WindowsException'{0x0000000623a80b80}> (0x0000000623a80b80) 
thrown [s\src\hotspot\share\prims\jni.cpp, line 520]
Event: 1.550 Thread 0x0000018fc8791910 Exception <a 'sun/nio/fs/WindowsException'{0x0000000623401570}> (0x0000000623401570) 
thrown [s\src\hotspot\share\prims\jni.cpp, line 520]
Event: 1.550 Thread 0x0000018fc7dcf650 Exception <a 'sun/nio/fs/WindowsException'{0x0000000623a70ce0}> (0x0000000623a70ce0) 
thrown [s\src\hotspot\share\prims\jni.cpp, line 520]
Event: 1.550 Thread 0x0000018fc77adf00 Exception <a 'sun/nio/fs/WindowsException'{0x0000000623e758b0}> (0x0000000623e758b0) 
thrown [s\src\hotspot\share\prims\jni.cpp, line 520]
Event: 1.550 Thread 0x0000018fc77ac4c0 Exception <a 'sun/nio/fs/WindowsException'{0x0000000623d84950}> (0x0000000623d84950) 
thrown [s\src\hotspot\share\prims\jni.cpp, line 520]
Event: 1.550 Thread 0x0000018fc7dd2440 Exception <a 'sun/nio/fs/WindowsException'{0x0000000623602b98}> (0x0000000623602b98) 
thrown [s\src\hotspot\share\prims\jni.cpp, line 520]
Event: 3.619 Thread 0x0000018fc8791910 Implicit null exception at 0x0000018fe556475d to 0x0000018fe55648b4
Event: 3.647 Thread 0x0000018fc878fed0 Implicit null exception at 0x0000018fe56445c0 to 0x0000018fe5646ba0
Event: 3.648 Thread 0x0000018fc878f840 Implicit null exception at 0x0000018fe565f905 to 0x0000018fe56620c8
Event: 3.648 Thread 0x0000018fc8790bf0 Implicit null exception at 0x0000018fe565f905 to 0x0000018fe56620c8
Event: 3.648 Thread 0x0000018fc8791fa0 Implicit null exception at 0x0000018fe565f905 to 0x0000018fe56620c8
Event: 3.726 Thread 0x0000018fc99e4440 Exception <a 'sun/nio/fs/WindowsException'{0x000000068702c9d0}> (0x000000068702c9d0) 
thrown [s\src\hotspot\share\prims\jni.cpp, line 520]
Event: 3.726 Thread 0x0000018fc8792630 Exception <a 'sun/nio/fs/WindowsException'{0x0000000685058940}> (0x0000000685058940) 
thrown [s\src\hotspot\share\prims\jni.cpp, line 520]
Event: 3.726 Thread 0x0000018fcad237b0 Exception <a 'sun/nio/fs/WindowsException'{0x000000068584f6f0}> (0x000000068584f6f0) 
thrown [s\src\hotspot\share\prims\jni.cpp, line 520]
Event: 3.726 Thread 0x0000018fcb2d4690 Exception <a 'sun/nio/fs/WindowsException'{0x000000068abdd8a8}> (0x000000068abdd8a8) 
thrown [s\src\hotspot\share\prims\jni.cpp, line 520]
Event: 3.727 Thread 0x0000018fc878f840 Exception <a 'sun/nio/fs/WindowsException'{0x0000000685ed6220}> (0x0000000685ed6220) 
thrown [s\src\hotspot\share\prims\jni.cpp, line 520]
Event: 3.727 Thread 0x0000018fca93eec0 Exception <a 'sun/nio/fs/WindowsException'{0x0000000685fa1250}> (0x0000000685fa1250) 
thrown [s\src\hotspot\share\prims\jni.cpp, line 520]
Event: 5.419 Thread 0x0000018fcb2d2ff0 Implicit null exception at 0x0000018fe5750c1f to 0x0000018fe5751f48
Event: 5.526 Thread 0x0000018fdd63fd00 Implicit null exception at 0x0000018fe53efb21 to 0x0000018fe53f0248
Event: 5.564 Thread 0x0000018fdd63fd00 Implicit null exception at 0x0000018fe5404721 to 0x0000018fe5404e24

ZGC Phase Switch (0 events):
No events

VM Operations (20 events):
Event: 2.992 Executing VM operation: G1CollectForAllocation (GCLocker Initiated GC) done
Event: 3.198 Executing VM operation: G1CollectForAllocation (G1 Evacuation Pause)
Event: 3.198 Executing VM operation: G1CollectForAllocation (G1 Evacuation Pause) done
Event: 3.198 Executing VM operation: G1CollectForAllocation (GCLocker Initiated GC)
Event: 3.226 Executing VM operation: G1CollectForAllocation (GCLocker Initiated GC) done
Event: 3.454 Executing VM operation: G1CollectForAllocation (G1 Evacuation Pause)
Event: 3.483 Executing VM operation: G1CollectForAllocation (G1 Evacuation Pause) done
Event: 3.619 Executing VM operation: HandshakeAllThreads (Deoptimize)
Event: 3.619 Executing VM operation: HandshakeAllThreads (Deoptimize) done
Event: 4.225 Executing VM operation: G1CollectForAllocation (G1 Evacuation Pause)
Event: 4.269 Executing VM operation: G1CollectForAllocation (G1 Evacuation Pause) done
Event: 4.632 Executing VM operation: G1CollectForAllocation (G1 Evacuation Pause)
Event: 4.676 Executing VM operation: G1CollectForAllocation (G1 Evacuation Pause) done
Event: 5.104 Executing VM operation: G1CollectForAllocation (G1 Evacuation Pause)
Event: 5.136 Executing VM operation: G1CollectForAllocation (G1 Evacuation Pause) done
Event: 5.453 Executing VM operation: HandshakeAllThreads (Deoptimize)
Event: 5.453 Executing VM operation: HandshakeAllThreads (Deoptimize) done
Event: 5.578 Executing VM operation: HandshakeAllThreads (Deoptimize)
Event: 5.578 Executing VM operation: HandshakeAllThreads (Deoptimize) done
Event: 5.587 Executing VM operation: CollectForMetadataAllocation (Metadata GC Threshold)

Memory protections (0 events):
No events

Nmethod flushes (0 events):
No events

Events (20 events):
Event: 5.439 Thread 0x0000018fca4533d0 Thread exited: 0x0000018fca4533d0
Event: 5.439 Thread 0x0000018fc99e4440 Thread exited: 0x0000018fc99e4440
Event: 5.439 Thread 0x0000018fc71b7860 Thread exited: 0x0000018fc71b7860
Event: 5.439 Thread 0x0000018fc99e3db0 Thread exited: 0x0000018fc99e3db0
Event: 5.440 Thread 0x0000018fc878fed0 Thread exited: 0x0000018fc878fed0
Event: 5.440 Thread 0x0000018fc8a3e880 Thread exited: 0x0000018fc8a3e880
Event: 5.440 Thread 0x0000018fc8790bf0 Thread exited: 0x0000018fc8790bf0
Event: 5.440 Thread 0x0000018fc71c05c0 Thread exited: 0x0000018fc71c05c0
Event: 5.440 Thread 0x0000018fc8792630 Thread exited: 0x0000018fc8792630
Event: 5.440 Thread 0x0000018fcb2d3680 Thread exited: 0x0000018fcb2d3680
Event: 5.440 Thread 0x0000018fca93fbe0 Thread exited: 0x0000018fca93fbe0
Event: 5.440 Thread 0x0000018fc8791910 Thread exited: 0x0000018fc8791910
Event: 5.440 Thread 0x0000018fc80a1a20 Thread exited: 0x0000018fc80a1a20
Event: 5.441 Thread 0x0000018fca89cfc0 Thread exited: 0x0000018fca89cfc0
Event: 5.441 Thread 0x0000018fca93f550 Thread exited: 0x0000018fca93f550
Event: 5.441 Thread 0x0000018fc80a20b0 Thread exited: 0x0000018fc80a20b0
Event: 5.441 Thread 0x0000018fc942e8b0 Thread exited: 0x0000018fc942e8b0
Event: 5.441 Thread 0x0000018fc89b45f0 Thread exited: 0x0000018fc89b45f0
Event: 5.441 Thread 0x0000018fc8791280 Thread exited: 0x0000018fc8791280
Event: 5.442 Thread 0x0000018fca93e830 Thread exited: 0x0000018fca93e830


Dynamic libraries:
0x00007ff62cd80000 - 0x00007ff62cd8e000 	C:\Program Files\Amazon Corretto\jdk21.0.4_7\bin\java.exe
0x00007fffd1fa0000 - 0x00007fffd2200000 	C:\WINDOWS\SYSTEM32\ntdll.dll
0x00007fffd0c30000 - 0x00007fffd0cf7000 	C:\WINDOWS\System32\KERNEL32.DLL
0x00007fffcf650000 - 0x00007fffcfa1a000 	C:\WINDOWS\System32\KERNELBASE.dll
0x00007fffcf500000 - 0x00007fffcf64b000 	C:\WINDOWS\System32\ucrtbase.dll
0x00007fffcc780000 - 0x00007fffcc798000 	C:\Program Files\Amazon Corretto\jdk21.0.4_7\bin\jli.dll
0x00007fffc7a90000 - 0x00007fffc7aab000 	C:\Program Files\Amazon Corretto\jdk21.0.4_7\bin\VCRUNTIME140.dll
0x00007fffd1190000 - 0x00007fffd135c000 	C:\WINDOWS\System32\USER32.dll
0x00007fffbbfb0000 - 0x00007fffbc247000 	C:\WINDOWS\WinSxS\amd64_microsoft.windows.common-controls_6595b64144ccf1df_6.0.26100.3624_none_3e086962e3345f24\COMCTL32.dll
0x00007fffcf4d0000 - 0x00007fffcf4f7000 	C:\WINDOWS\System32\win32u.dll
0x00007fffd0a20000 - 0x00007fffd0a4a000 	C:\WINDOWS\System32\GDI32.dll
0x00007fffd1b80000 - 0x00007fffd1c29000 	C:\WINDOWS\System32\msvcrt.dll
0x00007fffcf390000 - 0x00007fffcf4c1000 	C:\WINDOWS\System32\gdi32full.dll
0x00007fffcfab0000 - 0x00007fffcfb53000 	C:\WINDOWS\System32\msvcp_win.dll
0x00007fffcfe90000 - 0x00007fffcfebf000 	C:\WINDOWS\System32\IMM32.DLL
0x00007fffc9990000 - 0x00007fffc999c000 	C:\Program Files\Amazon Corretto\jdk21.0.4_7\bin\vcruntime140_1.dll
0x00007fffc2ff0000 - 0x00007fffc307d000 	C:\Program Files\Amazon Corretto\jdk21.0.4_7\bin\msvcp140.dll
0x00007fff5e0d0000 - 0x00007fff5ee66000 	C:\Program Files\Amazon Corretto\jdk21.0.4_7\bin\server\jvm.dll
0x00007fffcff90000 - 0x00007fffd0042000 	C:\WINDOWS\System32\ADVAPI32.dll
0x00007fffcfee0000 - 0x00007fffcff86000 	C:\WINDOWS\System32\sechost.dll
0x00007fffd1c30000 - 0x00007fffd1d46000 	C:\WINDOWS\System32\RPCRT4.dll
0x00007fffd1df0000 - 0x00007fffd1e64000 	C:\WINDOWS\System32\WS2_32.dll
0x00007fffcddf0000 - 0x00007fffcde4e000 	C:\WINDOWS\SYSTEM32\POWRPROF.dll
0x00007fffc13d0000 - 0x00007fffc1406000 	C:\WINDOWS\SYSTEM32\WINMM.dll
0x00007fffc5210000 - 0x00007fffc521b000 	C:\WINDOWS\SYSTEM32\VERSION.dll
0x00007fffcddd0000 - 0x00007fffcdde4000 	C:\WINDOWS\SYSTEM32\UMPDC.dll
0x00007fffce0b0000 - 0x00007fffce0ca000 	C:\WINDOWS\SYSTEM32\kernel.appcore.dll
0x00007fffc9930000 - 0x00007fffc993a000 	C:\Program Files\Amazon Corretto\jdk21.0.4_7\bin\jimage.dll
0x00007fffcc350000 - 0x00007fffcc591000 	C:\WINDOWS\SYSTEM32\DBGHELP.DLL
0x00007fffd14f0000 - 0x00007fffd1872000 	C:\WINDOWS\System32\combase.dll
0x00007fffd0160000 - 0x00007fffd0236000 	C:\WINDOWS\System32\OLEAUT32.dll
0x00007fff32390000 - 0x00007fff323c9000 	C:\WINDOWS\SYSTEM32\dbgcore.DLL
0x00007fffcf2f0000 - 0x00007fffcf389000 	C:\WINDOWS\System32\bcryptPrimitives.dll
0x00007fffbf900000 - 0x00007fffbf93c000 	C:\Program Files\Amazon Corretto\jdk21.0.4_7\bin\jdwp.dll
0x00007fff4ddd0000 - 0x00007fff4dfde000 	C:\Users\Nico\AppData\Local\Temp\idea_libasyncProfiler_dll_temp_folder4\libasyncProfiler.dll
0x00007fffc6850000 - 0x00007fffc685e000 	C:\Program Files\Amazon Corretto\jdk21.0.4_7\bin\instrument.dll
0x00007fffc6820000 - 0x00007fffc683f000 	C:\Program Files\Amazon Corretto\jdk21.0.4_7\bin\java.dll
0x00007fffc6800000 - 0x00007fffc6818000 	C:\Program Files\Amazon Corretto\jdk21.0.4_7\bin\zip.dll
0x00007fffd0240000 - 0x00007fffd0969000 	C:\WINDOWS\System32\SHELL32.dll
0x00007fffcf180000 - 0x00007fffcf2e8000 	C:\WINDOWS\System32\wintypes.dll
0x00007fffcce20000 - 0x00007fffcd672000 	C:\WINDOWS\SYSTEM32\windows.storage.dll
0x00007fffcfda0000 - 0x00007fffcfe8d000 	C:\WINDOWS\System32\SHCORE.dll
0x00007fffd1890000 - 0x00007fffd18f4000 	C:\WINDOWS\System32\shlwapi.dll
0x00007fffcf090000 - 0x00007fffcf0bf000 	C:\WINDOWS\SYSTEM32\profapi.dll
0x00007fff95d70000 - 0x00007fff95e47000 	C:\Program Files\Amazon Corretto\jdk21.0.4_7\bin\jsvml.dll
0x00007fffc4360000 - 0x00007fffc436b000 	C:\Program Files\Amazon Corretto\jdk21.0.4_7\bin\dt_socket.dll
0x00007fffcdae0000 - 0x00007fffcdb13000 	C:\WINDOWS\SYSTEM32\IPHLPAPI.DLL
0x00007fffce5d0000 - 0x00007fffce63a000 	C:\WINDOWS\system32\mswsock.dll
0x00007fffc60c0000 - 0x00007fffc60d0000 	C:\Program Files\Amazon Corretto\jdk21.0.4_7\bin\net.dll
0x00007fffc8220000 - 0x00007fffc833d000 	C:\WINDOWS\SYSTEM32\WINHTTP.dll
0x00007fffc5fd0000 - 0x00007fffc5fe6000 	C:\Program Files\Amazon Corretto\jdk21.0.4_7\bin\nio.dll
0x00007fffc5f70000 - 0x00007fffc5f79000 	C:\Program Files\Amazon Corretto\jdk21.0.4_7\bin\management.dll
0x00007fffc4a30000 - 0x00007fffc4a3b000 	C:\Program Files\Amazon Corretto\jdk21.0.4_7\bin\management_ext.dll
0x00007fffd0050000 - 0x00007fffd0058000 	C:\WINDOWS\System32\PSAPI.DLL
0x00007fffab890000 - 0x00007fffab8a8000 	C:\WINDOWS\system32\napinsp.dll
0x00007fffcdbb0000 - 0x00007fffcdcd5000 	C:\WINDOWS\SYSTEM32\DNSAPI.dll
0x00007fffd1e70000 - 0x00007fffd1e7a000 	C:\WINDOWS\System32\NSI.dll
0x00007fffab740000 - 0x00007fffab752000 	C:\WINDOWS\System32\winrnr.dll
0x00007fffab700000 - 0x00007fffab730000 	C:\WINDOWS\system32\nlansp_c.dll
0x00007fffc71b0000 - 0x00007fffc71c6000 	C:\WINDOWS\system32\wshbth.dll
0x00007fffc8180000 - 0x00007fffc818b000 	C:\Windows\System32\rasadhlp.dll
0x00007fffc7440000 - 0x00007fffc74c5000 	C:\WINDOWS\System32\fwpuclnt.dll

dbghelp: loaded successfully - version: 4.0.5 - missing functions: none
symbol engine: initialized successfully - sym options: 0x614 - pdb path: .;C:\Program Files\Amazon Corretto\jdk21.0.4_7\bin;C:\WINDOWS\SYSTEM32;C:\WINDOWS\WinSxS\amd64_microsoft.windows.common-controls_6595b64144ccf1df_6.0.26100.3624_none_3e086962e3345f24;C:\Program Files\Amazon Corretto\jdk21.0.4_7\bin\server;C:\Users\Nico\AppData\Local\Temp\idea_libasyncProfiler_dll_temp_folder4

VM Arguments:
jvm_args: -agentlib:jdwp=transport=dt_socket,address=127.0.0.1:50604,suspend=y,server=n -agentpath:C:\Users\Nico\AppData\Local\Temp\idea_libasyncProfiler_dll_temp_folder4\libasyncProfiler.dll=version,jfr,event=wall,interval=10ms,cstack=no,file=C:\Users\Nico\IdeaSnapshots\UnitNeo4JRepositoryTest__1__2025_05_12_162138.jfr,dbghelppath=C:\Users\Nico\AppData\Local\Temp\idea_dbghelp_dll_temp_folder3\dbghelp.dll,log=C:\Users\Nico\AppData\Local\Temp\UnitNeo4JRepositoryTest__1__2025_05_12_162138.jfr.log.txt,logLevel=DEBUG -javaagent:C:/gradle/caches/modules-2/files-2.1/org.jetbrains.kotlinx/kotlinx-coroutines-core-jvm/1.8.1/bb0e192bd7c2b6b8217440d36e9758e377e450/kotlinx-coroutines-core-jvm-1.8.1.jar -Didea.test.cyclic.buffer.size=1048576 -javaagent:C:\Users\Nico\AppData\Local\JetBrains\IntelliJIdea2024.3\captureAgent\debugger-agent.jar=file:/C:/Users/Nico/AppData/Local/Temp/capture.props -Dkotlinx.coroutines.debug.enable.creation.stack.trace=false -Ddebugger.agent.enable.coroutines=true -Dkotlinx.coroutines.debug.enable.flows.stack.trace=true -Dkotlinx.coroutines.debug.enable.mutable.state.flows.stack.trace=true -Dfile.encoding=UTF-8 -Dsun.stdout.encoding=UTF-8 -Dsun.stderr.encoding=UTF-8 
java_command: io.kotest.engine.launcher.MainKt --spec com.thomas.management.data.neo4j.repository.UnitNeo4JRepositoryTest --private true --reporter teamcity
java_class_path (initial): C:\Users\Nico\AppData\Local\Programs\IntelliJ IDEA Ultimate\lib\idea_rt.jar;D:\projects\thomas\module\management\management-data-neo4j\build\classes\kotlin\test;D:\projects\thomas\module\management\management-data-neo4j\build\resources\test;D:\projects\thomas\module\management\management-data-neo4j\build\classes\kotlin\main;C:\gradle\caches\modules-2\files-2.1\org.neo4j\neo4j-ogm-core\4.0.17\355b1a3dccd54fbec892a03190e0a513227c635a\neo4j-ogm-core-4.0.17.jar;C:\gradle\caches\modules-2\files-2.1\org.neo4j\neo4j-ogm-bolt-driver\4.0.17\b5f12df223479392657b33ed7347daf173b457b0\neo4j-ogm-bolt-driver-4.0.17.jar;C:\gradle\caches\modules-2\files-2.1\com.fasterxml.jackson.datatype\jackson-datatype-jdk8\2.18.3\621558295660935134b171ce2b0d9ad6842ec2ff\jackson-datatype-jdk8-2.18.3.jar;C:\gradle\caches\modules-2\files-2.1\com.fasterxml.jackson.datatype\jackson-datatype-jsr310\2.18.3\cc57924cccf42fc852081c36215272f84ffcd991\jackson-datatype-jsr310-2.18.3.jar;C:\gradle\caches\modules-2\files-2.1\com.fasterxml.jackson.dataformat\jackson-dataformat-xml\2.18.3\665a683773f8a92ea270d87127e198531e39cafa\jackson-dataformat-xml-2.18.3.jar;C:\gradle\caches\modules-2\files-2.1\com.fasterxml.jackson.dataformat\jackson-dataformat-yaml\2.18.3\66658356a375664262c227dad09adc51dbc09c54\jackson-dataformat-yaml-2.18.3.jar;C:\gradle\caches\modules-2\files-2.1\com.fasterxml.jackson.module\jackson-module-jaxb-annotations\2.18.3\15c47d8f5a3b45f44c78caa5603b8fcfda70ee25\jackson-module-jaxb-annotations-2.18.3.jar;C:\gradle\caches\modules-2\files-2.1\com.fasterxml.jackson.module\jackson-module-parameter-names\2.18.3\fa63ae5eb3956b1a6d7a7ead2b513af89dea22e7\jackson-module-parameter-names-2.18.3.jar;C:\gradle\caches\modules-2\files-2.1\com.fasterxml.jackson.core\jackson-databind\2.18.3\537e3886263e3b3464385040453e92567fd509e2\jackson-databind-2.18.3.jar;C:\gradle\caches\modules-2\files-2.1\com.fasterxml.jackson.core\jackson-annotations\2.18.3\7fa21cf7da4598f8240e4ebd9779249622af1acd\jackson-annotations-2.18.3.jar;C:\gradle\caches\modules-2\files-2.1\com.fasterxml.jackson.core\jackson-core\2.18.3\78f80c259268200e588aa204dd97ecf09b76916e\jackson-core-2.18.3.jar;C:\gradle\caches\modules-2\files-2.1\com.fasterxml.jackson.module\jackson-module-kotlin\2.18.3\d79c117605fc157ec32ec9774690bb3e493938ce\jackson-module-kotlin-2.18.3.jar;C:\gradle\caches\modules-2\files-2.1\org.jetbrains.kotlin\kotlin-reflect\2.1.20\3c1003045c4f2a72f987a147abac8e7058be1183\kotlin-reflect-2.1.20.jar;C:\gradle\caches\modules-2\files-2.1\org.jetbrains.kotlinx\kotlinx-coroutines-reactor\1.8.1\e15d01225c75a731e8e2aae41dcade5c895249b7\kotlinx-coroutines-reactor-1.8.1.jar;C:\gradle\caches\modules-2\files-2.1\org.jetbrains.kotlinx\kotlinx-coroutines-slf4j\1.8.1\a64ea6ebcb63208589fd45a00a1f47985ecd34c3\kotlinx-coroutines-slf4j-1.8.1.jar;C:\gradle\caches\modules-2\files-2.1\org.jetbrains.kotlinx\kotlinx-coroutines-core-jvm\1.8.1\bb0e192bd7c2b6b8217440d36e9758e377e450\kotlinx-coroutines-core-jvm-1.8.1.jar;D:\projects\thomas\core\build\classes\kotlin\main;D:\projects\thomas\core\build\resources\main;D:\projects\thomas\core\build\classes\kotlin\testFixtures;D:\projects\thomas\module\management\management-data\build\classes\kotlin\main;D:\projects\thomas\module\management\management-data\build\resources\main;D:\projects\thomas\module\management\management-data\build\classes\kotlin\testFixtures;D:\projects\thomas\infrastructure\database\neo4j\build\classes\kotlin\main;D:\projects\thomas\infrastructure\database\neo4j\build\classes\kotlin\testFixtures;C:\gradle\caches\modules-2\files-2.1\org.jetbrains.kotlin\kotlin-stdlib\2.1.20\aa8ca79cd50578314f6d1180c47cbe14c0fee567\kotlin-stdlib-2.1.20.jar;C:\gradle\caches\modules-2\files-2.1\org.jetbrains.kotlin\kotlin-stdlib-jdk8\2.1.20\1372ceab395defca310ff460dc219364d9df0a2e\kotlin-stdlib-jdk8-2.1.20.jar;C:\gradle\caches\modules-2\files-2.1\org.apache.logging.log4j\log4j-core\2.23.1\905802940e2c78042d75b837c136ac477d2b4e4d\log4j-core-2.23.1.jar;C:\gradle\caches\modules-2\files-2.1\org.apache.logging.log4j\log4j-slf4j2-impl\2.23.1\c3ffee33404c3a178f026fd8c7ef0e058b01b01c\log4j-slf4j2-impl-2.23.1.jar;C:\gradle\caches\modules-2\files-2.1\org.apache.logging.log4j\log4j-api-kotlin\1.4.0\c029c200b6c4a4b07c5493e7c0d450847ea20c0\log4j-api-kotlin-1.4.0.jar;C:\gradle\caches\modules-2\files-2.1\org.apache.logging.log4j\log4j-api\2.23.1\9c15c29c526d9c6783049c0a77722693c66706e1\log4j-api-2.23.1.jar;C:\gradle\caches\modules-2\files-2.1\org.junit-pioneer\junit-pioneer\2.3.0\633481f279d44d01bb50ef12776f1f1a534a2c4f\junit-pioneer-2.3.0.jar;C:\gradle\caches\modules-2\files-2.1\org.junit.jupiter\junit-jupiter-params\5.12.1\a879b3b05785b66201e30709e7c61662b269cbd1\junit-jupiter-params-5.12.1.jar;C:\gradle\caches\modules-2\files-2.1\org.junit.jupiter\junit-jupiter-engine\5.12.1\fec974a323cb74d080b7801abba2e79e01cadbfe\junit-jupiter-engine-5.12.1.jar;C:\gradle\caches\modules-2\files-2.1\org.junit.jupiter\junit-jupiter-api\5.12.1\9ed9e01546d4eb0840769b5d0ac7924531e98d7d\junit-jupiter-api-5.12.1.jar;C:\gradle\caches\modules-2\files-2.1\org.mockito\mockito-inline\5.2.0\3d1dffee9a8a1998ec782383ca2f818848f2d5f1\mockito-inline-5.2.0.jar;C:\gradle\caches\modules-2\files-2.1\org.mockito\mockito-junit-jupiter\5.11.0\8e658dd339f40305ed4293db25545b5df98b171b\mockito-junit-jupiter-5.11.0.jar;C:\gradle\caches\modules-2\files-2.1\org.mockito.kotlin\mockito-kotlin\5.2.1\f703a01c36ec391deb1a446987b243daee876033\mockito-kotlin-5.2.1.jar;C:\gradle\caches\modules-2\files-2.1\org.mockito\mockito-core\5.11.0\e4069fa4f4ff2c94322cfec5f2e45341c6c70aff\mockito-core-5.11.0.jar;C:\gradle\caches\modules-2\files-2.1\uk.org.webcompere\system-stubs-jupiter\2.1.6\9e8ed827f43d42ae4b169c3ee7bfc101a59468ca\system-stubs-jupiter-2.1.6.jar;C:\gradle\caches\modules-2\files-2.1\uk.org.webcompere\system-stubs-core\2.1.6\204b0afca9c39b58ea69310190b68778bdebf83a\system-stubs-core-2.1.6.jar;C:\gradle\caches\modules-2\files-2.1\org.skyscreamer\jsonassert\1.5.1\6d842d0faf4cf6725c509a5e5347d319ee0431c3\jsonassert-1.5.1.jar;C:\gradle\caches\modules-2\files-2.1\org.neo4j\neo4j-ogm-api\4.0.17\e48aaded211ac95ecea69b891e25d22741ee144b\neo4j-ogm-api-4.0.17.jar;C:\gradle\caches\modules-2\files-2.1\io.github.classgraph\classgraph\4.8.179\f159dd8bbbf381c4006c1f675ec4e648c8317f32\classgraph-4.8.179.jar;C:\gradle\caches\modules-2\files-2.1\org.neo4j.driver\neo4j-java-driver\5.28.4\a2d51625d4cf4ee0e55e49a184bc7f7b5ffd30e4\neo4j-java-driver-5.28.4.jar;C:\gradle\caches\modules-2\files-2.1\com.fasterxml.woodstox\woodstox-core\7.0.0\beb19c02e7e28a8a4acf4a9cc8c3280ec3b94722\woodstox-core-7.0.0.jar;C:\gradle\caches\modules-2\files-2.1\org.codehaus.woodstox\stax2-api\4.2.2\b0d746cadea928e5264f2ea294ea9a1bf815bbde\stax2-api-4.2.2.jar;C:\gradle\caches\modules-2\files-2.1\org.yaml\snakeyaml\2.3\936b36210e27320f920536f695cf1af210c44586\snakeyaml-2.3.jar;C:\gradle\caches\modules-2\files-2.1\jakarta.activation\jakarta.activation-api\1.2.2\99f53adba383cb1bf7c3862844488574b559621f\jakarta.activation-api-1.2.2.jar;C:\gradle\caches\modules-2\files-2.1\javax.xml.bind\jaxb-api\2.2.12\4c83805595b15acf41d71d49e3add7c0e85baaed\jaxb-api-2.2.12.jar;C:\gradle\caches\modules-2\files-2.1\org.jetbrains.kotlinx\kotlinx-coroutines-reactive\1.8.1\2f13c27465c847461364012da6bd8b4eb0de5082\kotlinx-coroutines-reactive-1.8.1.jar;C:\gradle\caches\modules-2\files-2.1\io.projectreactor\reactor-core\3.6.15\619b096510f47b7fbb3c5f517f50ebd2586dd195\reactor-core-3.6.15.jar;C:\gradle\caches\modules-2\files-2.1\io.kotest\kotest-runner-junit5-jvm\5.9.1\5f15e9222d18b848de3bd259f8a2527d8be7e20b\kotest-runner-junit5-jvm-5.9.1.jar;C:\gradle\caches\modules-2\files-2.1\org.jetbrains.kotlinx\kotlinx-coroutines-test-jvm\1.8.1\3265a39680512dc93d5b39716d9aaff025833218\kotlinx-coroutines-test-jvm-1.8.1.jar;C:\gradle\caches\modules-2\files-2.1\org.jetbrains\annotations\23.0.0\8cc20c07506ec18e0834947b84a864bfc094484e\annotations-23.0.0.jar;C:\gradle\caches\modules-2\files-2.1\io.kotest\kotest-assertions-core-jvm\5.9.1\d6f96b394f62aca42516da97f7d1c63927d8331e\kotest-assertions-core-jvm-5.9.1.jar;C:\gradle\caches\modules-2\files-2.1\io.kotest\kotest-property-jvm\5.9.1\54a1b9a75721c21269d992e2f3d91057b2aa5244\kotest-property-jvm-5.9.1.jar;C:\gradle\caches\modules-2\files-2.1\io.kotest\kotest-framework-datatest-jvm\5.9.1\2dc1625acb456f251818b509f199ff3a9cac22f1\kotest-framework-datatest-jvm-5.9.1.jar;C:\gradle\caches\modules-2\files-2.1\io.mockk\mockk-jvm\1.13.10\ee51b1254f0ac08d56d3f9aa1f48068b91d91aa0\mockk-jvm-1.13.10.jar;C:\gradle\caches\modules-2\files-2.1\org.jetbrains.kotlin\kotlin-stdlib-jdk7\2.1.20\72672df5e83231744c00550955b10acb71ed49d6\kotlin-stdlib-jdk7-2.1.20.jar;C:\gradle\caches\modules-2\files-2.1\org.slf4j\slf4j-api\2.0.17\d9e58ac9c7779ba3bf8142aff6c830617a7fe60f\slf4j-api-2.0.17.jar;C:\gradle\caches\modules-2\files-2.1\org.apiguardian\apiguardian-api\1.1.2\a231e0d844d2721b0fa1b238006d15c6ded6842a\apiguardian-api-1.1.2.jar;C:\gradle\caches\modules-2\files-2.1\org.junit.platform\junit-platform-engine\1.12.1\fc105f3430d6392a4d033fe6f9d58eddd1a03594\junit-platform-engine-1.12.1.jar;C:\gradle\caches\modules-2\files-2.1\org.junit.platform\junit-platform-commons\1.12.1\d34adac31a6974eec6611cc129927a2e2cfe89ee\junit-platform-commons-1.12.1.jar;C:\gradle\caches\modules-2\files-2.1\org.opentest4j\opentest4j\1.3.0\152ea56b3a72f655d4fd677fc0ef2596c3dd5e6e\opentest4j-1.3.0.jar;C:\gradle\caches\modules-2\files-2.1\net.bytebuddy\byte-buddy\1.14.12\6e37f743dc15a8d7a4feb3eb0025cbc612d5b9e1\byte-buddy-1.14.12.jar;C:\gradle\caches\modules-2\files-2.1\net.bytebuddy\byte-buddy-agent\1.14.12\be4984cb6fd1ef1d11f218a648889dfda44b8a15\byte-buddy-agent-1.14.12.jar;C:\gradle\caches\modules-2\files-2.1\com.vaadin.external.google\android-json\0.0.20131108.vaadin1\fa26d351fe62a6a17f5cda1287c1c6110dec413f\android-json-0.0.20131108.vaadin1.jar;C:\gradle\caches\modules-2\files-2.1\org.reactivestreams\reactive-streams\1.0.4\3864a1320d97d7b045f729a326e1e077661f31b7\reactive-streams-1.0.4.jar;C:\gradle\caches\modules-2\files-2.1\org.neo4j.bolt\neo4j-bolt-connection-netty\1.1.0\37e8c3ac3c60a35bde327ccd989b2a167a3b25d0\neo4j-bolt-connection-netty-1.1.0.jar;C:\gradle\caches\modules-2\files-2.1\org.neo4j.bolt\neo4j-bolt-connection-pooled\1.1.0\4f3f9502926601fd6180315fe755cd4d7193294e\neo4j-bolt-connection-pooled-1.1.0.jar;C:\gradle\caches\modules-2\files-2.1\org.neo4j.bolt\neo4j-bolt-connection-routed\1.1.0\4165cf75cd4a9266f044c859339e4e8eb15b21e8\neo4j-bolt-connection-routed-1.1.0.jar;C:\gradle\caches\modules-2\files-2.1\org.neo4j.bolt\neo4j-bolt-connection\1.1.0\53b2acda90771732d8286eae207767853a754354\neo4j-bolt-connection-1.1.0.jar;C:\gradle\caches\modules-2\files-2.1\org.junit.platform\junit-platform-launcher\1.12.1\ff5af5e325705fb1d5926a0235cc655c4e96bf1d\junit-platform-launcher-1.12.1.jar;C:\gradle\caches\modules-2\files-2.1\org.junit.platform\junit-platform-suite-api\1.12.1\b8958826d910f96625e30f1ab36d6e2129325fcb\junit-platform-suite-api-1.12.1.jar;C:\gradle\caches\modules-2\files-2.1\com.github.curious-odd-man\rgxgen\1.4\8d5947bd00bd8e12313c56b5e6f5f9f2f0e34433\rgxgen-1.4.jar;C:\gradle\caches\modules-2\files-2.1\io.netty\netty-handler\4.1.119.Final\a0059b8d779ce566b524efd6d73ba4fcff3cd5d9\netty-handler-4.1.119.Final.jar;C:\gradle\caches\modules-2\files-2.1\io.netty\netty-tcnative-classes\2.0.70.Final\5f75accc769e69f2e6c1e56ba3a08b6c4bcc25f8\netty-tcnative-classes-2.0.70.Final.jar;C:\gradle\caches\modules-2\files-2.1\io.kotest\kotest-framework-engine-jvm\5.9.1\e269e651f8dd98c28b308c8121a315800f6e5b9e\kotest-framework-engine-jvm-5.9.1.jar;C:\gradle\caches\modules-2\files-2.1\io.kotest\kotest-framework-api-jvm\5.9.1\bfeb77c154a6938201e6d1490586484e405b4819\kotest-framework-api-jvm-5.9.1.jar;C:\gradle\caches\modules-2\files-2.1\io.kotest\kotest-framework-discovery-jvm\5.9.1\fc078e0e728072a1342e5da4a7910feaf86dc7fd\kotest-framework-discovery-jvm-5.9.1.jar;C:\gradle\caches\modules-2\files-2.1\io.kotest\kotest-common-jvm\5.9.1\ffbb01dc3d12a1f9037c5ee692310dcb64ba2405\kotest-common-jvm-5.9.1.jar;C:\gradle\caches\modules-2\files-2.1\io.kotest\kotest-extensions-jvm\5.9.1\d445f143e2ef2626f339dc8dd82617bdbd8e528e\kotest-extensions-jvm-5.9.1.jar;C:\gradle\caches\modules-2\files-2.1\io.kotest\kotest-framework-concurrency-jvm\5.9.1\1894037af8f2588154dd7d0ad96cdac85aced37b\kotest-framework-concurrency-jvm-5.9.1.jar;C:\gradle\caches\modules-2\files-2.1\io.kotest\kotest-assertions-shared-jvm\5.9.1\58621dfd37d40668def8919b603528d54c1b1bd7\kotest-assertions-shared-jvm-5.9.1.jar;C:\gradle\caches\modules-2\files-2.1\io.mockk\mockk-dsl-jvm\1.13.10\b1e3ea7af44726ec0ca9e4a754174f025efd2316\mockk-dsl-jvm-1.13.10.jar;C:\gradle\caches\modules-2\files-2.1\io.mockk\mockk-agent-jvm\1.13.10\4a144290f047ada63796fb9c061c76bbd2f64156\mockk-agent-jvm-1.13.10.jar;C:\gradle\caches\modules-2\files-2.1\io.mockk\mockk-agent-api-jvm\1.13.10\5988872b54675e07b8409ba358354c739ebeb3b8\mockk-agent-api-jvm-1.13.10.jar;C:\gradle\caches\modules-2\files-2.1\io.mockk\mockk-core-jvm\1.13.10\6f0c5c3855499dbdb202d964aa5bc671335ff548\mockk-core-jvm-1.13.10.jar;C:\gradle\caches\modules-2\files-2.1\io.netty\netty-transport-native-unix-common\4.1.119.Final\55afdeb456bccf8eecb06431f3c1537269afe9af\netty-transport-native-unix-common-4.1.119.Final.jar;C:\gradle\caches\modules-2\files-2.1\io.netty\netty-codec\4.1.119.Final\337ca8e8c3ef23925e02d56347b414d7616d1d02\netty-codec-4.1.119.Final.jar;C:\gradle\caches\modules-2\files-2.1\io.netty\netty-transport\4.1.119.Final\d05df879054297962d056b77460fc4ff20e30073\netty-transport-4.1.119.Final.jar;C:\gradle\caches\modules-2\files-2.1\io.netty\netty-resolver\4.1.119.Final\e1f7c90aff71bdf0e2294a200b5f89244f88dcf7\netty-resolver-4.1.119.Final.jar;C:\gradle\caches\modules-2\files-2.1\io.netty\netty-buffer\4.1.119.Final\5864149b2e5a2af7b05fe9e9dc3e4b70d3060a7c\netty-buffer-4.1.119.Final.jar;C:\gradle\caches\modules-2\files-2.1\io.netty\netty-common\4.1.119.Final\2f7c360b03c0aceab7efc1f7c2b75274f0f35909\netty-common-4.1.119.Final.jar;C:\gradle\caches\modules-2\files-2.1\com.github.ajalt\mordant\1.2.1\6cbab1a74ab6dafbf81b7706733d4c2fbaff2e0b\mordant-1.2.1.jar;C:\gradle\caches\modules-2\files-2.1\org.objenesis\objenesis\3.3\1049c09f1de4331e8193e579448d0916d75b7631\objenesis-3.3.jar;C:\gradle\caches\modules-2\files-2.1\com.github.ajalt\colormath\1.2.0\c62f49b31f34588dbbfb477c08fd56bc3026d202\colormath-1.2.0.jar;C:\gradle\caches\modules-2\files-2.1\io.kotest\kotest-assertions-api-jvm\5.9.1\79acfe59cf527b1299f634bfe9e904dde7fd16ec\kotest-assertions-api-jvm-5.9.1.jar;C:\gradle\caches\modules-2\files-2.1\org.mockito\mockito-core\5.14.1\a89b0ce9ee5d92646522caeb27fb92c02a0b4c55\mockito-core-5.14.1.jar;C:\Users\Nico\.m2\repository\com\thomas\thomas-neo4j-plugin\1.0.0\thomas-neo4j-plugin-1.0.0.jar;C:\gradle\caches\modules-2\files-2.1\org.neo4j.test\neo4j-harness\5.26.0\8f4fe773ff02adfcd225cf4d3e0c37fc4dc7cd4a\neo4j-harness-5.26.0.jar;C:\gradle\caches\modules-2\files-2.1\net.bytebuddy\byte-buddy\1.15.11\f61886478e0f9ee4c21d09574736f0ff45e0a46c\byte-buddy-1.15.11.jar;C:\gradle\caches\modules-2\files-2.1\net.bytebuddy\byte-buddy-agent\1.15.3\e619d89ed41a6cedc23bee3549cec8c4ffdaee7b\byte-buddy-agent-1.15.3.jar;C:\gradle\caches\modules-2\files-2.1\org.neo4j\neo4j\5.26.0\3fbcaf4eadae95873701b105043e805e771c4d20\neo4j-5.26.0.jar;C:\gradle\caches\modules-2\files-2.1\org.neo4j.app\neo4j-server-test-utils\5.26.0\1309c67afe59ce6eddc9754a93e3c29641df87da\neo4j-server-test-utils-5.26.0.jar;C:\gradle\caches\modules-2\files-2.1\org.neo4j\neo4j-kernel\5.26.0\48f44001121913d940a5fe3d1f11d38a4a5af14f\neo4j-kernel-5.26.0.jar;C:\gradle\caches\modules-2\files-2.1\org.neo4j\io-test-utils\5.26.0\b22fd46cb4170841fc55a37e8f5919797e429a6f\io-test-utils-5.26.0.jar;C:\gradle\caches\modules-2\files-2.1\org.neo4j\test-utils\5.26.0\68cbec16573778af84205fab2f5d650bcf4a3d5e\test-utils-5.26.0.jar;C:\gradle\caches\modules-2\files-2.1\org.junit.vintage\junit-vintage-engine\5.12.1\cc5fb574bfc97f4310b6b26bd47b5f44ca50a451\junit-vintage-engine-5.12.1.jar;C:\gradle\caches\modules-2\files-2.1\org.neo4j\annotations\5.26.0\76befff6073da196aea20a9ec283871fb6b3f4e9\annotations-5.26.0.jar;C:\gradle\caches\modules-2\files-2.1\commons-logging\commons-logging\1.3.4\b9fc14968d63a8b8a8a2c1885fe3e90564239708\commons-logging-1.3.4.jar;C:\gradle\caches\modules-2\files-2.1\commons-codec\commons-codec\1.17.1\973638b7149d333563584137ebf13a691bb60579\commons-codec-1.17.1.jar;C:\gradle\caches\modules-2\files-2.1\org.junit.jupiter\junit-jupiter\5.12.1\a0abf9f70d0b90f8e1fbf75c6c63d0a9834618e8\junit-jupiter-5.12.1.jar;C:\gradle\caches\modules-2\files-2.1\junit\junit\4.13.2\8ac9e16d933b6fb43bc7f576336b8f4d7eb5ba12\junit-4.13.2.jar;C:\gradle\caches\modules-2\files-2.1\org.jetbrains.kotlinx\kotlinx-coroutines-jdk8\1.8.1\a9c5828df815ab41dd9063fda549715c41e8bfab\kotlinx-coroutines-jdk8-1.8.1.jar;C:\gradle\caches\modules-2\files-2.1\io.github.java-diff-utils\java-diff-utils\4.12\1a712a91324d566eef39817fc5c9980eb10c21db\java-diff-utils-4.12.jar;C:\gradle\caches\modules-2\files-2.1\org.neo4j\neo4j-procedure\5.26.0\a65934a96e415be766590d578df3535122afaf44\neo4j-procedure-5.26.0.jar;C:\gradle\caches\modules-2\files-2.1\org.neo4j.app\neo4j-server\5.26.0\4a516495d6797298cf0e4e8fcb0e098dc853da25\neo4j-server-5.26.0.jar;C:\gradle\caches\modules-2\files-2.1\org.neo4j\neo4j-query-router\5.26.0\8c244e7ca8f1d79bf727d2198ce12654f381ac1a\neo4j-query-router-5.26.0.jar;C:\gradle\caches\modules-2\files-2.1\org.neo4j\neo4j-fabric\5.26.0\985d9e8cd2f16b9637d1cc6ad11d3f1f1015f4ad\neo4j-fabric-5.26.0.jar;C:\gradle\caches\modules-2\files-2.1\org.neo4j\neo4j-data-collector\5.26.0\857111f112d933ef7802d6e97a1b9d1f1578eeff\neo4j-data-collector-5.26.0.jar;C:\gradle\caches\modules-2\files-2.1\org.neo4j\neo4j-bolt\5.26.0\a4cd07699b3f733c15daed76e5694ccf5dc34cdb\neo4j-bolt-5.26.0.jar;C:\gradle\caches\modules-2\files-2.1\org.neo4j\neo4j-import-tool\5.26.0\958bad2033f595e2ba0e2bb11531224076bca9a6\neo4j-import-tool-5.26.0.jar;C:\gradle\caches\modules-2\files-2.1\org.neo4j\neo4j-cypher\5.26.0\89b468638c39ba70cec18e6ffd680d3a8f770b5d\neo4j-cypher-5.26.0.jar;C:\gradle\caches\modules-2\files-2.1\org.neo4j\neo4j-graph-algo\5.26.0\ec87381f66bb9a65f3116630b56647ab60f0ce11\neo4j-graph-algo-5.26.0.jar;C:\gradle\caches\modules-2\files-2.1\org.neo4j\neo4j-security\5.26.0\5feab22a82094b8a03b1a0b74f31f6738746d181\neo4j-security-5.26.0.jar;C:\gradle\caches\modules-2\files-2.1\org.neo4j\neo4j-consistency-check\5.26.0\f6b7036333de0a5b01f34f4e613b83c11884ffd2\neo4j-consistency-check-5.26.0.jar;C:\gradle\caches\modules-2\files-2.1\org.neo4j\neo4j-dbms\5.26.0\d2ff4bbcb76f86bdc4eb585d69698081ac1b087e\neo4j-dbms-5.26.0.jar;C:\gradle\caches\modules-2\files-2.1\org.neo4j\neo4j-udc\5.26.0\8847c8b27354b1de3717d8c26918f16854259536\neo4j-udc-5.26.0.jar;C:\gradle\caches\modules-2\files-2.1\org.neo4j\neo4j-record-storage-engine\5.26.0\8a6de8115b5a1b283167b005aeb2df6ce99eadf5\neo4j-record-storage-engine-5.26.0.jar;C:\gradle\caches\modules-2\files-2.1\org.neo4j\neo4j-capabilities\5.26.0\7a9bd077fc003058f92489c457611e6a15abed5d\neo4j-capabilities-5.26.0.jar;C:\gradle\caches\modules-2\files-2.1\org.neo4j\neo4j-fulltext-index\5.26.0\1314899f858dfcc4ba7a8edbb452bf8c169e2254\neo4j-fulltext-index-5.26.0.jar;C:\gradle\caches\modules-2\files-2.1\org.neo4j\neo4j-lucene-index\5.26.0\98f34704b3a7fb590892936afd10d9f07a66180\neo4j-lucene-index-5.26.0.jar;C:\gradle\caches\modules-2\files-2.1\org.neo4j\neo4j-slf4j-provider\5.26.0\f58325b79b6c0caf948f71176edd72840bc06be3\neo4j-slf4j-provider-5.26.0.jar;C:\gradle\caches\modules-2\files-2.1\org.assertj\assertj-core\3.27.3\31f5d58a202bd5df4993fb10fa2cffd610c20d6f\assertj-core-3.27.3.jar;C:\gradle\caches\modules-2\files-2.1\org.neo4j\neo4j-import-util\5.26.0\f8f6e99b5bd3af4fb0ae5bf65a78251aefe39bc9\neo4j-import-util-5.26.0.jar;C:\gradle\caches\modules-2\files-2.1\org.neo4j\neo4j-storage-engine-util\5.26.0\2ca201e4442db17a31df732b46e60264673ded40\neo4j-storage-engine-util-5.26.0.jar;C:\gradle\caches\modules-2\files-2.1\org.neo4j\neo4j-wal\5.26.0\d0c7ffb1ec0132781c3883a3cc18abb8d5fbe08\neo4j-wal-5.26.0.jar;C:\gradle\caches\modules-2\files-2.1\org.neo4j\neo4j-kernel-api\5.26.0\711a4f5c4fc705ffcc58a6748c51619e7b6e3f4a\neo4j-kernel-api-5.26.0.jar;C:\gradle\caches\modules-2\files-2.1\org.neo4j\neo4j-import-api\5.26.0\69abf939e48470456fbfaa8bede9252da28905c1\neo4j-import-api-5.26.0.jar;C:\gradle\caches\modules-2\files-2.1\org.neo4j\neo4j-layout\5.26.0\193605c58870dec90c25c4701f9b4fdc4a1fbc62\neo4j-layout-5.26.0.jar;C:\gradle\caches\modules-2\files-2.1\org.neo4j\neo4j-id-generator\5.26.0\a7494b3037456ccc21a12707c25df641efccfe5\neo4j-id-generator-5.26.0.jar;C:\gradle\caches\modules-2\files-2.1\org.neo4j\neo4j-index\5.26.0\972aba10d3f558443ec1d3d67479c09040175cac\neo4j-index-5.26.0.jar;C:\gradle\caches\modules-2\files-2.1\org.neo4j\neo4j-cloud\5.26.0\30296e24fe28d59e2a656a74f100834c79244ffa\neo4j-cloud-5.26.0.jar;C:\gradle\caches\modules-2\files-2.1\org.neo4j\neo4j-configuration\5.26.0\38fd6190ed67947e2c5b6572e32a0b9de7d3627\neo4j-configuration-5.26.0.jar;C:\gradle\caches\modules-2\files-2.1\org.neo4j\neo4j-values\5.26.0\c1b015d701ff315579271b8a22f11643eda77cf5\neo4j-values-5.26.0.jar;C:\gradle\caches\modules-2\files-2.1\org.neo4j\neo4j-graphdb-api\5.26.0\6a6b57c3628f1ce9568378da0086320e5e61a442\neo4j-graphdb-api-5.26.0.jar;C:\gradle\caches\modules-2\files-2.1\org.neo4j\neo4j-collections\5.26.0\1c0fcf5393de508a5823045698e5be8a2c2daf7e\neo4j-collections-5.26.0.jar;C:\gradle\caches\modules-2\files-2.1\org.neo4j\neo4j-logging\5.26.0\11d8de48ddd20a19b3b0aeaf419383d662e984c3\neo4j-logging-5.26.0.jar;C:\gradle\caches\modules-2\files-2.1\org.neo4j\neo4j-io\5.26.0\cd1ccea9c74c7aaa764dfb2c608fe4891ee19d7b\neo4j-io-5.26.0.jar;C:\gradle\caches\modules-2\files-2.1\org.neo4j\neo4j-common\5.26.0\fbae1250bc032865d73b37ad0face951ec40ddd\neo4j-common-5.26.0.jar;C:\gradle\caches\modules-2\files-2.1\org.eclipse.collections\eclipse-collections\11.1.0\fa4b0ac2a3344b2d1b8ec392592b66e116f60d2c\eclipse-collections-11.1.0.jar;C:\gradle\caches\modules-2\files-2.1\org.neo4j\neo4j-native\5.26.0\53478d1482751c28f1fbac940a18df21af7396d6\neo4j-native-5.26.0.jar;C:\gradle\caches\modules-2\files-2.1\org.neo4j\neo4j-spatial-index\5.26.0\d4ddd989035826417a75e353a47f5a900d33ff85\neo4j-spatial-index-5.26.0.jar;C:\gradle\caches\modules-2\files-2.1\org.jctools\jctools-core\4.0.5\9ab38ca19877236986db4894ef1400a7ca23db80\jctools-core-4.0.5.jar;C:\gradle\caches\modules-2\files-2.1\org.neo4j\neo4j-random-values\5.26.0\674b7bf8bd0691ecc9fcf2c16c367efd52101961\neo4j-random-values-5.26.0.jar;C:\gradle\caches\modules-2\files-2.1\org.junit.platform\junit-platform-testkit\1.12.1\a014d428bd4fb707f1a9de6465b43eef555d9f5c\junit-platform-testkit-1.12.1.jar;C:\gradle\caches\modules-2\files-2.1\org.ow2.asm\asm\9.7.1\f0ed132a49244b042cd0e15702ab9f2ce3cc8436\asm-9.7.1.jar;C:\gradle\caches\modules-2\files-2.1\org.bouncycastle\bcpkix-jdk18on\1.78.1\17b3541f736df97465f87d9f5b5dfa4991b37bb3\bcpkix-jdk18on-1.78.1.jar;C:\gradle\caches\modules-2\files-2.1\org.bouncycastle\bcprov-jdk18on\1.78.1\39e9e45359e20998eb79c1828751f94a818d25f8\bcprov-jdk18on-1.78.1.jar;C:\gradle\caches\modules-2\files-2.1\org.hamcrest\hamcrest\3.0\8fd9b78a8e6a6510a078a9e30e9e86a6035cfaf7\hamcrest-3.0.jar;C:\gradle\caches\modules-2\files-2.1\org.awaitility\awaitility\4.2.2\7336242073ebf83fe034e42b46a403c5501b63c9\awaitility-4.2.2.jar;C:\gradle\caches\modules-2\files-2.1\org.apache.commons\commons-lang3\3.17.0\b17d2136f0460dcc0d2016ceefca8723bdf4ee70\commons-lang3-3.17.0.jar;C:\gradle\caches\modules-2\files-2.1\org.hamcrest\hamcrest-core\1.3\42a25dc3219429f0e5d060061f71acb49bf010a0\hamcrest-core-1.3.jar;C:\gradle\caches\modules-2\files-2.1\org.neo4j\neo4j-cypher-expression-evaluator\5.26.0\f02d177f78ea4551faa809fb9a04e228cd5728a5\neo4j-cypher-expression-evaluator-5.26.0.jar;C:\gradle\caches\modules-2\files-2.1\org.neo4j\neo4j-codegen\5.26.0\963b675f49624aece970e590f9b6e23b6ab6d122\neo4j-codegen-5.26.0.jar;C:\gradle\caches\modules-2\files-2.1\org.neo4j\neo4j-procedure-api\5.26.0\6d8fc99bb096189cfcd84c86c5a8dec523572816\neo4j-procedure-api-5.26.0.jar;C:\gradle\caches\modules-2\files-2.1\org.neo4j\server-api\5.26.0\e3ddccc537b4f8cdba286f566d2837bb64af49c8\server-api-5.26.0.jar;C:\gradle\caches\modules-2\files-2.1\org.neo4j\arrow-bom\5.26.0\9b837adc1fb21786d244a81b3e10e36e3d4fd17\arrow-bom-5.26.0.pom;C:\gradle\caches\modules-2\files-2.1\com.fasterxml.jackson.jaxrs\jackson-jaxrs-json-provider\2.18.3\85fc7f5e8c56fd8d5bf8cda7e3767b1507fe026b\jackson-jaxrs-json-provider-2.18.3.jar;C:\gradle\caches\modules-2\files-2.1\org.neo4j\neo4j-ssl\5.26.0\d8b1ab1c4fe5df4779fe27a4459fa58faf1038aa\neo4j-ssl-5.26.0.jar;C:\gradle\caches\modules-2\files-2.1\org.neo4j\neo4j-exceptions\5.26.0\9301dbdf61f198f1321654924926f1a93f5cc497\neo4j-exceptions-5.26.0.jar;C:\gradle\caches\modules-2\files-2.1\org.eclipse.jetty.http2\http2-server\10.0.24\e5e06fa000b1d32e8a24f9fc9dffb06ef75b3282\http2-server-10.0.24.jar;C:\gradle\caches\modules-2\files-2.1\org.eclipse.jetty\jetty-alpn-java-server\10.0.24\5bbecde58c3fb184de9b2ca8fd42a395fb5ac467\jetty-alpn-java-server-10.0.24.jar;C:\gradle\caches\modules-2\files-2.1\org.eclipse.jetty\jetty-alpn-server\10.0.24\944ab45f8d038cd6fde9b021d39fa34b495c1b74\jetty-alpn-server-10.0.24.jar;C:\gradle\caches\modules-2\files-2.1\org.eclipse.jetty\jetty-webapp\10.0.24\dc20b8b0e8a08cecc9a6452bb8a84d2d8e734692\jetty-webapp-10.0.24.jar;C:\gradle\caches\modules-2\files-2.1\org.eclipse.jetty\jetty-server\10.0.24\207d61a67bb15415ad6d6358607bb7c15d6a22cc\jetty-server-10.0.24.jar;C:\gradle\caches\modules-2\files-2.1\org.glassfish.jaxb\jaxb-runtime\2.3.2\5528bc882ea499a09d720b42af11785c4fc6be2a\jaxb-runtime-2.3.2.jar;C:\gradle\caches\modules-2\files-2.1\jakarta.xml.bind\jakarta.xml.bind-api\2.3.2\8d49996a4338670764d7ca4b85a1c4ccf7fe665d\jakarta.xml.bind-api-2.3.2.jar;C:\gradle\caches\modules-2\files-2.1\org.glassfish.jersey.inject\jersey-hk2\2.43\9b677f9e7a72e891f8dada5c870e8d13f5dac671\jersey-hk2-2.43.jar;C:\gradle\caches\modules-2\files-2.1\org.glassfish.jersey.containers\jersey-container-servlet\2.43\ca08f910eab99c82551c653fdbbd2f93f7b9b4c8\jersey-container-servlet-2.43.jar;C:\gradle\caches\modules-2\files-2.1\org.neo4j\neo4j-front-end\5.26.0\f673f5fa3883bd491d72aa04ebe9da6d2d3548c9\neo4j-front-end-5.26.0.jar;C:\gradle\caches\modules-2\files-2.1\org.scala-lang\scala-reflect\2.13.11\965b382f32d914716b0c6a8d05956a3600a7b35a\scala-reflect-2.13.11.jar;C:\gradle\caches\modules-2\files-2.1\org.neo4j\neo4j-rewriting\5.26.0\4166c25a9972becffaff1ba6b662eff7ddbf8e67\neo4j-rewriting-5.26.0.jar;C:\gradle\caches\modules-2\files-2.1\io.netty\netty-codec-http\4.1.115.Final\80f0dece29a2c0269217e8dd1b6db6ff9710781f\netty-codec-http-4.1.115.Final.jar;C:\gradle\caches\modules-2\files-2.1\io.netty\netty-transport-native-epoll\4.1.115.Final\a80b32f98ceb4e27958c0ceaf22ddad9ea6c0d4e\netty-transport-native-epoll-4.1.115.Final-linux-aarch_64.jar;C:\gradle\caches\modules-2\files-2.1\io.netty\netty-transport-native-epoll\4.1.115.Final\a6cc58c4a259bad159cbb06120cea9b3474e86a0\netty-transport-native-epoll-4.1.115.Final-linux-x86_64.jar;C:\gradle\caches\modules-2\files-2.1\io.netty\netty-transport-native-kqueue\4.1.115.Final\77c662eea1350358255c85d06bccce1abd5de9a9\netty-transport-native-kqueue-4.1.115.Final-osx-aarch_64.jar;C:\gradle\caches\modules-2\files-2.1\io.netty\netty-transport-native-kqueue\4.1.115.Final\b2c2de9435b3c7f9bbf09cfa44cf62cb000dde72\netty-transport-native-kqueue-4.1.115.Final-osx-x86_64.jar;C:\gradle\caches\modules-2\files-2.1\org.neo4j\neo4j-command-line\5.26.0\d591857e251945f79049f217217d3e9f4b2bfc60\neo4j-command-line-5.26.0.jar;C:\gradle\caches\modules-2\files-2.1\org.neo4j\neo4j-schema\5.26.0\c6a000a2140f106880c426ac393b77442b7bf34b\neo4j-schema-5.26.0.jar;C:\gradle\caches\modules-2\files-2.1\org.neo4j\neo4j-cypher-slotted-runtime\5.26.0\1d750ff82734aab9225bd47770ca2ee0217dac2\neo4j-cypher-slotted-runtime-5.26.0.jar;C:\gradle\caches\modules-2\files-2.1\org.neo4j\neo4j-cypher-physical-planning\5.26.0\5b8989a87982c0e782a8b86ebbc1b65e52c855aa\neo4j-cypher-physical-planning-5.26.0.jar;C:\gradle\caches\modules-2\files-2.1\org.neo4j\neo4j-cypher-planner\5.26.0\81d9e6f0a8183e98a66f88144a9d1049a978306d\neo4j-cypher-planner-5.26.0.jar;C:\gradle\caches\modules-2\files-2.1\org.neo4j\neo4j-cypher-interpreted-runtime\5.26.0\1395535e9c4d814c01a3cb94ba6b9de1984130f5\neo4j-cypher-interpreted-runtime-5.26.0.jar;C:\gradle\caches\modules-2\files-2.1\org.neo4j\neo4j-cypher-runtime-util\5.26.0\a29e18c7a26496daa497ac974dd08c1d44f9cd8a\neo4j-cypher-runtime-util-5.26.0.jar;C:\gradle\caches\modules-2\files-2.1\org.neo4j\neo4j-cypher-planner-spi\5.26.0\9c82f74e70344b77b3b4bb60c76d2f8b4277dbed\neo4j-cypher-planner-spi-5.26.0.jar;C:\gradle\caches\modules-2\files-2.1\org.neo4j\neo4j-cypher-config\5.26.0\405f303c1d3fd557aab6ce28c1378cbb2f99e737\neo4j-cypher-config-5.26.0.jar;C:\gradle\caches\modules-2\files-2.1\org.neo4j\neo4j-cypher-ast-factory\5.26.0\812bf727e4852ace0de91d7b29e83722776f8f25\neo4j-cypher-ast-factory-5.26.0.jar;C:\gradle\caches\modules-2\files-2.1\org.neo4j\neo4j-util\5.26.0\199d70e8880c48452101ca44650fdf7c93b3b46f\neo4j-util-5.26.0.jar;C:\gradle\caches\modules-2\files-2.1\org.neo4j\neo4j-cypher-cache\5.26.0\b78c358c3744a2b73f9b7c9895b99d89b7451e35\neo4j-cypher-cache-5.26.0.jar;C:\gradle\caches\modules-2\files-2.1\org.apache.shiro\shiro-core\2.0.1\7a190565634e4334a105ee3c71c2e8e691cf23ba\shiro-core-2.0.1.jar;C:\gradle\caches\modules-2\files-2.1\org.bitbucket.inkytonik.kiama\kiama_2.13\2.5.1\2d7389e1bfb61081064a991346bbb55453afe6a1\kiama_2.13-2.5.1.jar;C:\gradle\caches\modules-2\files-2.1\org.scala-lang\scala-library\2.13.11\4fcd82e1ce42d7b157914b86864e7b3591e1e0d2\scala-library-2.13.11.jar;C:\gradle\caches\modules-2\files-2.1\org.apache.commons\commons-configuration2\2.11.0\af5a2c6abe587074c0be1107fcb27fa2fad91304\commons-configuration2-2.11.0.jar;C:\gradle\caches\modules-2\files-2.1\org.apache.commons\commons-compress\1.27.1\a19151084758e2fbb6b41eddaa88e7b8ff4e6599\commons-compress-1.27.1.jar;C:\gradle\caches\modules-2\files-2.1\org.apache.commons\commons-text\1.12.0\66aa90dc099701c4d3b14bd256c328f592ccf0d6\commons-text-1.12.0.jar;C:\gradle\caches\modules-2\files-2.1\commons-io\commons-io\2.17.0\ddcc8433eb019fb48fe25207c0278143f3e1d7e2\commons-io-2.17.0.jar;C:\gradle\caches\modules-2\files-2.1\org.jprocesses\jProcesses\1.6.5\3251a4ccf8bf90291d8a52132a4e971f2c6566db\jProcesses-1.6.5.jar;C:\gradle\caches\modules-2\files-2.1\org.neo4j.licensing-proxy\zstd-proxy\5.26.0\4e7efdeeba53a8c36f7318726c7b9a8fb0f7661d\zstd-proxy-5.26.0.jar;C:\gradle\caches\modules-2\files-2.1\org.neo4j\neo4j-resource\5.26.0\5dc87ed8d4d5afdbd4a08303d326e736a33f3564\neo4j-resource-5.26.0.jar;C:\gradle\caches\modules-2\files-2.1\org.apache.lucene\lucene-analysis-common\9.11.1\51286aca019db66311f71496191b4bd7adaf3dcf\lucene-analysis-common-9.11.1.jar;C:\gradle\caches\modules-2\files-2.1\org.apache.lucene\lucene-queryparser\9.11.1\ad6e5b135e1e284d4462d717086ce13a3ce01b4a\lucene-queryparser-9.11.1.jar;C:\gradle\caches\modules-2\files-2.1\org.apache.lucene\lucene-backward-codecs\9.11.1\948fda53ceeb0fa1b835af5376abec771b2c3fb1\lucene-backward-codecs-9.11.1.jar;C:\gradle\caches\modules-2\files-2.1\org.apache.lucene\lucene-core\9.11.1\8f52ba14b21774f41ce33cf5ca111cbdefeed7f9\lucene-core-9.11.1.jar;C:\gradle\caches\modules-2\files-2.1\blue.strategic.parquet\parquet-floor\1.47\251fa98f98406f59830fc90aca08a5550ca0fa9a\parquet-floor-1.47.jar;C:\gradle\caches\modules-2\files-2.1\org.neo4j\neo4j-csv\5.26.0\1de299e8763cb5909120b9ec68c3e3a55afcc394\neo4j-csv-5.26.0.jar;C:\gradle\caches\modules-2\files-2.1\org.neo4j\neo4j-monitoring\5.26.0\eee5a526d33c4d8836aaa0c1ed36b4af4b0b6df6\neo4j-monitoring-5.26.0.jar;C:\gradle\caches\modules-2\files-2.1\org.neo4j\neo4j-diagnostics\5.26.0\dda129a433234c49bd7436d7aab91f4774a66dba\neo4j-diagnostics-5.26.0.jar;C:\gradle\caches\modules-2\files-2.1\org.neo4j\neo4j-token-api\5.26.0\b4a3e61f9fba20eded2a0709685817c1cd72c67f\neo4j-token-api-5.26.0.jar;C:\gradle\caches\modules-2\files-2.1\com.github.seancfoley\ipaddress\5.5.1\2133bb7231f3c87e7941ead55045931480ce6d94\ipaddress-5.5.1.jar;C:\gradle\caches\modules-2\files-2.1\org.neo4j\neo4j-unsafe\5.26.0\e2cc2016beb035670550a3c3e7d296997668284b\neo4j-unsafe-5.26.0.jar;C:\gradle\caches\modules-2\files-2.1\com.github.ben-manes.caffeine\caffeine\3.1.8\24795585df8afaf70a2cd534786904ea5889c047\caffeine-3.1.8.jar;C:\gradle\caches\modules-2\files-2.1\org.apache.logging.log4j\log4j-layout-template-json\2.20.0\16f2e5669f4e4173fc446007e8b85aa2313df33b\log4j-layout-template-json-2.20.0.jar;C:\gradle\caches\modules-2\files-2.1\org.codehaus.jettison\jettison\1.5.4\174ca56c411b05aec323d8f53e66709c0d28b337\jettison-1.5.4.jar;C:\gradle\caches\modules-2\files-2.1\org.neo4j\neo4j-concurrent\5.26.0\49bbc29ee9ee7f5478691f6bd23aee40c874ca38\neo4j-concurrent-5.26.0.jar;C:\gradle\caches\modules-2\files-2.1\org.neo4j\neo4j-gql-status\5.26.0\ebdd6f45a8aab7e388e1a1d38f2a3b0a833c996a\neo4j-gql-status-5.26.0.jar;C:\gradle\caches\modules-2\files-2.1\org.eclipse.collections\eclipse-collections-api\11.1.0\bce5592ba072cbf33b44915d312e69b8d2f731fc\eclipse-collections-api-11.1.0.jar;C:\gradle\caches\modules-2\files-2.1\net.java.dev.jna\jna\5.15.0\1ee1d80ff44f08280188f7c0e740d57207841ac\jna-5.15.0.jar;C:\gradle\caches\modules-2\files-2.1\org.bouncycastle\bcutil-jdk18on\1.78.1\5353ca39fe2f148dab9ca1d637a43d0750456254\bcutil-jdk18on-1.78.1.jar;C:\gradle\caches\modules-2\files-2.1\org.jetbrains.kotlinx\kotlinx-coroutines-debug\1.8.1\137c9e27099e5e5765c59b1028caf293852064ec\kotlinx-coroutines-debug-1.8.1.jar;C:\gradle\caches\modules-2\files-2.1\org.neo4j\neo4j-ast\5.26.0\614d3f897c92e358c0dc51e549ef52ae33698ff6\neo4j-ast-5.26.0.jar;C:\gradle\caches\modules-2\files-2.1\org.neo4j\neo4j-expressions\5.26.0\41c77c9672c124ab839cac70c734c93bf1fae1e3\neo4j-expressions-5.26.0.jar;C:\gradle\caches\modules-2\files-2.1\org.ow2.asm\asm-util\9.7.1\9e23359b598ec6b74b23e53110dd5c577adf2243\asm-util-9.7.1.jar;C:\gradle\caches\modules-2\files-2.1\org.ow2.asm\asm-analysis\9.7.1\f97a3b319f0ed6a8cd944dc79060d3912a28985f\asm-analysis-9.7.1.jar;C:\gradle\caches\modules-2\files-2.1\org.ow2.asm\asm-tree\9.7.1\3a53139787663b139de76b627fca0084ab60d32c\asm-tree-9.7.1.jar;C:\gradle\caches\modules-2\files-2.1\jakarta.ws.rs\jakarta.ws.rs-api\2.1.6\1dcb770bce80a490dff49729b99c7a60e9ecb122\jakarta.ws.rs-api-2.1.6.jar;C:\gradle\caches\modules-2\files-2.1\org.apache.arrow\flight-core\17.0.0\f3cd8ab4c236db162011bbde874892e022d8af0c\flight-core-17.0.0.jar;C:\gradle\caches\modules-2\files-2.1\io.grpc\grpc-netty\1.68.0\ac762f09db8e74f9b17fff5f7f1bcf9a13c5620\grpc-netty-1.68.0.jar;C:\gradle\caches\modules-2\files-2.1\io.netty\netty-codec-http2\4.1.115.Final\bc474c27c96e3a309da73160fbcfe0bd3aa85bc\netty-codec-http2-4.1.115.Final.jar;C:\gradle\caches\modules-2\files-2.1\io.grpc\grpc-core\1.68.0\e5630dfd653d7cad78caf7166e36973f55822e6c\grpc-core-1.68.0.jar;C:\gradle\caches\modules-2\files-2.1\io.grpc\grpc-context\1.68.0\cea3830084a2aee37496fff74979c2cf106762db\grpc-context-1.68.0.jar;C:\gradle\caches\modules-2\files-2.1\io.grpc\grpc-protobuf\1.68.0\b8c1772b35292a853f0707a3512090a8edad1fed\grpc-protobuf-1.68.0.jar;C:\gradle\caches\modules-2\files-2.1\io.grpc\grpc-stub\1.68.0\ebd89ad550b74724b1bbe8a04203921ebac5e6d4\grpc-stub-1.68.0.jar;C:\gradle\caches\modules-2\files-2.1\io.grpc\grpc-api\1.68.0\9a9f25c58d8d5b0fcf37ae889a50fec87e34ac08\grpc-api-1.68.0.jar;C:\gradle\caches\modules-2\files-2.1\com.fasterxml.jackson.jaxrs\jackson-jaxrs-base\2.18.3\97998cf60562d69fada50d0fa25b85777b2ad8c9\jackson-jaxrs-base-2.18.3.jar;C:\gradle\caches\modules-2\files-2.1\org.eclipse.jetty.http2\http2-common\10.0.24\dfe726afcf29789057facd001589d382bb19d0b0\http2-common-10.0.24.jar;C:\gradle\caches\modules-2\files-2.1\org.eclipse.jetty\jetty-io\10.0.24\981c5cc38a79f085170bacd1b3dc3cd4276bb4c5\jetty-io-10.0.24.jar;C:\gradle\caches\modules-2\files-2.1\org.eclipse.jetty\jetty-servlet\10.0.24\e3dfbcc0d34d9c3f9cfdf678a0c5dddcd551858b\jetty-servlet-10.0.24.jar;C:\gradle\caches\modules-2\files-2.1\org.eclipse.jetty\jetty-xml\10.0.24\4c5e5dbeac56072d380752ff056314022309b9cc\jetty-xml-10.0.24.jar;C:\gradle\caches\modules-2\files-2.1\org.eclipse.jetty\jetty-http\10.0.24\53b32e2ce8dd28134e8778415f06f83f2b839a3f\jetty-http-10.0.24.jar;C:\gradle\caches\modules-2\files-2.1\org.eclipse.jetty.toolchain\jetty-servlet-api\4.0.6\959c5d83d08f5cddf56caff749e48b735193191b\jetty-servlet-api-4.0.6.jar;C:\gradle\caches\modules-2\files-2.1\org.jvnet.staxex\stax-ex\1.8.1\78011e483a21102fb4858f3e8f269a677e50aa23\stax-ex-1.8.1.jar;C:\gradle\caches\modules-2\files-2.1\com.sun.istack\istack-commons-runtime\3.0.8\d6a97364045aa6b99bf2d3c566a3f98599c2d296\istack-commons-runtime-3.0.8.jar;C:\gradle\caches\modules-2\files-2.1\org.glassfish.jaxb\txw2\2.3.2\ce5be7da2e442c25ec14c766cb60cb802741727b\txw2-2.3.2.jar;C:\gradle\caches\modules-2\files-2.1\com.sun.xml.fastinfoset\FastInfoset\1.2.16\4eb6a0adad553bf759ffe86927df6f3b848c8bea\FastInfoset-1.2.16.jar;C:\gradle\caches\modules-2\files-2.1\org.glassfish.jersey.core\jersey-common\2.43\9cc88301ca5476a44dc8d324f8977cad1eb1584c\jersey-common-2.43.jar;C:\gradle\caches\modules-2\files-2.1\org.glassfish.hk2\hk2-locator\2.6.1\9dedf9d2022e38ec0743ed44c1ac94ad6149acdd\hk2-locator-2.6.1.jar;C:\gradle\caches\modules-2\files-2.1\org.javassist\javassist\3.30.2-GA\284580b5e42dfa1b8267058566435d9e93fae7f7\javassist-3.30.2-GA.jar;C:\gradle\caches\modules-2\files-2.1\org.glassfish.jersey.containers\jersey-container-servlet-core\2.43\9c93bdf0ea91148cd3d7d8535e2b90f7fc690eec\jersey-container-servlet-core-2.43.jar;C:\gradle\caches\modules-2\files-2.1\org.glassfish.jersey.core\jersey-server\2.43\4d856a1bbfc27992d6466ad54f1a947c9aeaf77d\jersey-server-2.43.jar;C:\gradle\caches\modules-2\files-2.1\org.neo4j\neo4j-notifications\5.26.0\2a45514182e14afa3c4e303122332b725ee57f2d\neo4j-notifications-5.26.0.jar;C:\gradle\caches\modules-2\files-2.1\org.neo4j\cypher-parser-factory\5.26.0\b4e0d1cdbeae3f2deca715a18dedb35256248a00\cypher-parser-factory-5.26.0.jar;C:\gradle\caches\modules-2\files-2.1\org.neo4j\neo4j-cypher-macros\5.26.0\2e3a21fa8e6e08b06e6aab33f1c9f01f2d54f7ca\neo4j-cypher-macros-5.26.0.jar;C:\gradle\caches\modules-2\files-2.1\io.netty\netty-transport-classes-epoll\4.1.115.Final\11fea00408ecbd8b8d1f0698d708e37db4a01841\netty-transport-classes-epoll-4.1.115.Final.jar;C:\gradle\caches\modules-2\files-2.1\io.netty\netty-transport-classes-kqueue\4.1.115.Final\e912effa0f6e58525a72a57727051d8c2e31b56d\netty-transport-classes-kqueue-4.1.115.Final.jar;C:\gradle\caches\modules-2\files-2.1\info.picocli\picocli\4.7.6\77c2cb87814b6a03d431fc856024a9f8ff605ad4\picocli-4.7.6.jar;C:\gradle\caches\modules-2\files-2.1\org.neo4j\neo4j-lock\5.26.0\6f60dc873d3ddc15ffb124785562116722f6b6d1\neo4j-lock-5.26.0.jar;C:\gradle\caches\modules-2\files-2.1\org.neo4j\neo4j-cypher-rendering\5.26.0\33a2ebc43fb79843177f21e92a8bec3c5836c4d0\neo4j-cypher-rendering-5.26.0.jar;C:\gradle\caches\modules-2\files-2.1\org.neo4j\neo4j-cypher-logical-plans\5.26.0\8e41c2b13cca3efc6bea0daa7d340d9c8e5d2612\neo4j-cypher-logical-plans-5.26.0.jar;C:\gradle\caches\modules-2\files-2.1\org.neo4j\neo4j-cypher-ir\5.26.0\171d776c23c5d45f96a1898494a34ced2cab5519\neo4j-cypher-ir-5.26.0.jar;C:\gradle\caches\modules-2\files-2.1\org.scala-lang.modules\scala-collection-contrib_2.13\0.3.0\93c599466f65566c65bf7a13312f89f86eca4940\scala-collection-contrib_2.13-0.3.0.jar;C:\gradle\caches\modules-2\files-2.1\com.softwaremill.magnolia1_2\magnolia_2.13\1.1.8\a0e1e477f91683b72f10f14082768f88d3307655\magnolia_2.13-1.1.8.jar;C:\gradle\caches\modules-2\files-2.1\org.neo4j\neo4j-cypher-javacc-parser\5.26.0\217c5882cf1f601eef9275958777d01223ae83f5\neo4j-cypher-javacc-parser-5.26.0.jar;C:\gradle\caches\modules-2\files-2.1\org.apache.shiro\shiro-cache\2.0.1\9ed7bf98f6fffaf92e20030e5482e6b3d0468df9\shiro-cache-2.0.1.jar;C:\gradle\caches\modules-2\files-2.1\org.apache.shiro.crypto\shiro-hashes-argon2\2.0.1\65adfcf0277bbe2458b78afb613bbe25ca4d30dc\shiro-hashes-argon2-2.0.1.jar;C:\gradle\caches\modules-2\files-2.1\org.apache.shiro.crypto\shiro-hashes-bcrypt\2.0.1\c116ab0f4321e9db7344f778f25d9d45f2a28ab4\shiro-hashes-bcrypt-2.0.1.jar;C:\gradle\caches\modules-2\files-2.1\org.apache.shiro\shiro-crypto-hash\2.0.1\7da179e85eb034eafb8a428dd4382da01e23eb1c\shiro-crypto-hash-2.0.1.jar;C:\gradle\caches\modules-2\files-2.1\org.apache.shiro\shiro-crypto-cipher\2.0.1\7c9c0beb06c4c5de1738042f0516d6c2fb4bb5fe\shiro-crypto-cipher-2.0.1.jar;C:\gradle\caches\modules-2\files-2.1\org.apache.shiro\shiro-config-core\2.0.1\5ec9ba8051ee02e59b6c294011088a4a9701fc7b\shiro-config-core-2.0.1.jar;C:\gradle\caches\modules-2\files-2.1\org.apache.shiro\shiro-event\2.0.1\f16e405d8763b2aa21c7e0d87da0ed33d3a6e962\shiro-event-2.0.1.jar;C:\gradle\caches\modules-2\files-2.1\org.apache.shiro\shiro-lang\2.0.1\6a47873b34f86915afb076c9b6e7db55fbb91338\shiro-lang-2.0.1.jar;C:\gradle\caches\modules-2\files-2.1\com.profesorfalken\WMI4Java\1.6.3\47f13f0940383c27d7c544a538a3ad9d1252501b\WMI4Java-1.6.3.jar;C:\gradle\caches\modules-2\files-2.1\com.github.luben\zstd-jni\1.5.6-6\2fbdb6597ff51efa4a5bf12df18f27b5aa4f2625\zstd-jni-1.5.6-6.jar;C:\gradle\caches\modules-2\files-2.1\org.apache.parquet\parquet-hadoop\1.14.3\b854b2b0f364611d8f5bd31729d8f1bfdeec0b5a\parquet-hadoop-1.14.3.jar;C:\gradle\caches\modules-2\files-2.1\org.apache.parquet\parquet-column\1.14.3\8823a782a25ad4c082b1dc350acfb5af90dad99a\parquet-column-1.14.3.jar;C:\gradle\caches\modules-2\files-2.1\net.java.dev.jna\jna-platform\5.9.0\c535a5bda553d7d7690356c825010da74b2671b5\jna-platform-5.9.0.jar;C:\gradle\caches\modules-2\files-2.1\org.apache.arrow\arrow-vector\17.0.0\16685545e4734382c1fcdaf12ac9b0a7d1fc06c0\arrow-vector-17.0.0.jar;C:\gradle\caches\modules-2\files-2.1\org.apache.arrow\arrow-memory-netty\17.0.0\de65a34dfeada4d47b161871fa39fa0a2ab4c39c\arrow-memory-netty-17.0.0.jar;C:\gradle\caches\modules-2\files-2.1\org.apache.arrow\arrow-memory-core\17.0.0\51c5287ef5a624656bb38da7684078905b1a88c9\arrow-memory-core-17.0.0.jar;C:\gradle\caches\modules-2\files-2.1\org.apache.arrow\arrow-format\17.0.0\5d052f20fd1193840eb59818515e710156c364b2\arrow-format-17.0.0.jar;C:\gradle\caches\modules-2\files-2.1\com.google.protobuf\protobuf-java-util\3.25.1\52ef56370091e0088ca1a8bca39cd03c6becc2dc\protobuf-java-util-3.25.1.jar;C:\gradle\caches\modules-2\files-2.1\com.google.guava\guava\33.2.1-jre\818e780da2c66c63bbb6480fef1f3855eeafa3e4\guava-33.2.1-jre.jar;C:\gradle\caches\modules-2\files-2.1\com.google.protobuf\protobuf-java\3.25.3\d3200261955f3298e0d85c9892201e70492ce8eb\protobuf-java-3.25.3.jar;C:\gradle\caches\modules-2\files-2.1\io.netty\netty-handler-proxy\4.1.110.Final\b7fb401dd47c79e6b99f2319ac3b561c50c31c30\netty-handler-proxy-4.1.110.Final.jar;C:\gradle\caches\modules-2\files-2.1\io.grpc\grpc-util\1.68.0\674cb39b76ed1394454707626ed7ec454c0779e3\grpc-util-1.68.0.jar;C:\gradle\caches\modules-2\files-2.1\io.perfmark\perfmark-api\0.27.0\f86f575a41b091786a4b027cd9c0c1d2e3fc1c01\perfmark-api-0.27.0.jar;C:\gradle\caches\modules-2\files-2.1\com.google.code.gson\gson\2.11.0\527175ca6d81050b53bdd4c457a6d6e017626b0e\gson-2.11.0.jar;C:\gradle\caches\modules-2\files-2.1\com.google.android\annotations\4.1.1.4\a1678ba907bf92691d879fef34e1a187038f9259\annotations-4.1.1.4.jar;C:\gradle\caches\modules-2\files-2.1\org.codehaus.mojo\animal-sniffer-annotations\1.24\aa9ba58d30e0aad7f1808fce9c541ea3760678d8\animal-sniffer-annotations-1.24.jar;C:\gradle\caches\modules-2\files-2.1\io.grpc\grpc-protobuf-lite\1.68.0\fe6a5349fd76e811c19f16e2b3e9453ee339df4b\grpc-protobuf-lite-1.68.0.jar;C:\gradle\caches\modules-2\files-2.1\com.google.api.grpc\proto-google-common-protos\2.41.0\13dfa68e2a2693660c0aa91928733f9296e12456\proto-google-common-protos-2.41.0.jar;C:\gradle\caches\modules-2\files-2.1\com.google.code.findbugs\jsr305\3.0.2\25ea2e8b0c338a877313bd4672d3fe056ea78f0d\jsr305-3.0.2.jar;C:\gradle\caches\modules-2\files-2.1\com.google.errorprone\error_prone_annotations\2.28.0\59fc00087ce372de42e394d2c789295dff2d19f0\error_prone_annotations-2.28.0.jar;C:\gradle\caches\modules-2\files-2.1\org.eclipse.jetty.http2\http2-hpack\10.0.24\aeed1b456d1c4362f969d2048d1343e6eae92dae\http2-hpack-10.0.24.jar;C:\gradle\caches\modules-2\files-2.1\org.eclipse.jetty\jetty-util\10.0.24\28fa6ce4265e5679590eeb7addadf0d5e73a71d4\jetty-util-10.0.24.jar;C:\gradle\caches\modules-2\files-2.1\org.eclipse.jetty\jetty-security\10.0.24\a23ae41d62d716bf657618e8a21e0e5f4ae266d7\jetty-security-10.0.24.jar;C:\gradle\caches\modules-2\files-2.1\jakarta.annotation\jakarta.annotation-api\1.3.5\59eb84ee0d616332ff44aba065f3888cf002cd2d\jakarta.annotation-api-1.3.5.jar;C:\gradle\caches\modules-2\files-2.1\org.glassfish.hk2.external\jakarta.inject\2.6.1\8096ebf722902e75fbd4f532a751e514f02e1eb7\jakarta.inject-2.6.1.jar;C:\gradle\caches\modules-2\files-2.1\org.glassfish.hk2\osgi-resource-locator\1.0.3\de3b21279df7e755e38275137539be5e2c80dd58\osgi-resource-locator-1.0.3.jar;C:\gradle\caches\modules-2\files-2.1\org.glassfish.hk2\hk2-api\2.6.1\114bd7afb4a1bd9993527f52a08a252b5d2acac5\hk2-api-2.6.1.jar;C:\gradle\caches\modules-2\files-2.1\org.glassfish.hk2\hk2-utils\2.6.1\396513aa96c1d5a10aa4f75c4dcbf259a698d62d\hk2-utils-2.6.1.jar;C:\gradle\caches\modules-2\files-2.1\org.glassfish.jersey.core\jersey-client\2.43\9318348684ff7393c6e07af16f193367ad65eb5f\jersey-client-2.43.jar;C:\gradle\caches\modules-2\files-2.1\jakarta.validation\jakarta.validation-api\2.0.2\5eacc6522521f7eacb081f95cee1e231648461e7\jakarta.validation-api-2.0.2.jar;C:\gradle\caches\modules-2\files-2.1\org.neo4j\cypher-v5-ast-factory\5.26.0\712c2254f7f55bd925a988cb7a96fd1334701216\cypher-v5-ast-factory-5.26.0.jar;C:\gradle\caches\modules-2\files-2.1\org.neo4j\cypher-v25-ast-factory\5.26.0\bdfce8c9500a12034858644edb2a873cb761a416\cypher-v25-ast-factory-5.26.0.jar;C:\gradle\caches\modules-2\files-2.1\org.neo4j\cypher-ast-factory\5.26.0\9842a8766218e9c0cf7c2451456e9005836a36ee\cypher-ast-factory-5.26.0.jar;C:\gradle\caches\modules-2\files-2.1\org.apache.shiro\shiro-crypto-core\2.0.1\d8de9bfacb859a2c056a967055cf1f8e13c33d47\shiro-crypto-core-2.0.1.jar;C:\gradle\caches\modules-2\files-2.1\com.profesorfalken\jPowerShell\3.0\df698eddca7c922501122ceee91a709221f99419\jPowerShell-3.0.jar;C:\gradle\caches\modules-2\files-2.1\org.apache.parquet\parquet-common\1.14.3\1c42e8293887ab3c85a2f904595c65018f4dc42c\parquet-common-1.14.3.jar;C:\gradle\caches\modules-2\files-2.1\org.apache.parquet\parquet-format-structures\1.14.3\6ec1e4647f8664fe2cf8c85acba45e32c48759e3\parquet-format-structures-1.14.3.jar;C:\gradle\caches\modules-2\files-2.1\org.apache.parquet\parquet-jackson\1.14.3\77ec97de89dbb160866e51b0b41c401168aeb2c9\parquet-jackson-1.14.3.jar;C:\gradle\caches\modules-2\files-2.1\org.xerial.snappy\snappy-java\1.1.10.5\ac605269f3598506196e469f1fb0d7ed5c55059e\snappy-java-1.1.10.5.jar;C:\gradle\caches\modules-2\files-2.1\io.airlift\aircompressor\0.27\5b3b5e7932a1d088ad1f13d109ffd688ab59ef9d\aircompressor-0.27.jar;C:\gradle\caches\modules-2\files-2.1\org.apache.parquet\parquet-encoding\1.14.3\c5f7c5181ab31f3ec741a1b95941fb3a4c8c158c\parquet-encoding-1.14.3.jar;C:\gradle\caches\modules-2\files-2.1\com.google.flatbuffers\flatbuffers-java\24.3.25\edc46436b645a12126322d02608dd21aba5ac433\flatbuffers-java-24.3.25.jar;C:\gradle\caches\modules-2\files-2.1\org.apache.arrow\arrow-memory-netty-buffer-patch\17.0.0\cdfdaa1bd5135bd869515fc205392ba92dcc1509\arrow-memory-netty-buffer-patch-17.0.0.jar;C:\gradle\caches\modules-2\files-2.1\com.google.guava\failureaccess\1.0.2\c4a06a64e650562f30b7bf9aaec1bfed43aca12b\failureaccess-1.0.2.jar;C:\gradle\caches\modules-2\files-2.1\com.google.guava\listenablefuture\9999.0-empty-to-avoid-conflict-with-guava\b421526c5f297295adef1c886e5246c39d4ac629\listenablefuture-9999.0-empty-to-avoid-conflict-with-guava.jar;C:\gradle\caches\modules-2\files-2.1\org.checkerframework\checker-qual\3.42.0\638ec33f363a94d41a4f03c3e7d3dcfba64e402d\checker-qual-3.42.0.jar;C:\gradle\caches\modules-2\files-2.1\io.netty\netty-codec-socks\4.1.110.Final\4d54c8d5b95b14756043efb59b8c3e62ec67aa43\netty-codec-socks-4.1.110.Final.jar;C:\gradle\caches\modules-2\files-2.1\org.neo4j\cypher-antlr-ast-common\5.26.0\14ec15146297093c08e9e792b5d4e58bff81efa1\cypher-antlr-ast-common-5.26.0.jar;C:\gradle\caches\modules-2\files-2.1\org.neo4j\cypher-parser-ast-common\5.26.0\f4b5ac6a3b7eb16167556f85e12d13b0ecb36873\cypher-parser-ast-common-5.26.0.jar;C:\gradle\caches\modules-2\files-2.1\org.neo4j\cypher-parser-common\5.26.0\1fe0ec40fcec4879d650eb1ea16ad2ca8177f202\cypher-parser-common-5.26.0.jar;C:\gradle\caches\modules-2\files-2.1\org.neo4j\cypher-v5-parser-listener\5.26.0\1133202c216d70184d29ba65ae1205c2856d09cd\cypher-v5-parser-listener-5.26.0.jar;C:\gradle\caches\modules-2\files-2.1\org.neo4j\cypher-v5-antlr-parser\5.26.0\d77adc70958fdacdc98a5bd356403bbb7898a3b\cypher-v5-antlr-parser-5.26.0.jar;C:\gradle\caches\modules-2\files-2.1\org.neo4j\cypher-v25-parser-listener\5.26.0\df0665021dc81045def0d869b46a9dd2897c9614\cypher-v25-parser-listener-5.26.0.jar;C:\gradle\caches\modules-2\files-2.1\org.neo4j\cypher-v25-antlr-parser\5.26.0\90ebcd3fd5eeaa358bc1ec7a6920acf73be1bed6\cypher-v25-antlr-parser-5.26.0.jar;C:\gradle\caches\modules-2\files-2.1\javax.annotation\javax.annotation-api\1.3.2\934c04d3cfef185a8008e7bf34331b79730a9d43\javax.annotation-api-1.3.2.jar;C:\gradle\caches\modules-2\files-2.1\org.neo4j\cypher-antlr-common\5.26.0\d21133679b773a35fb41b9971696a9ae0f0375e\cypher-antlr-common-5.26.0.jar;C:\gradle\caches\modules-2\files-2.1\org.antlr\antlr4-runtime\4.13.2\fc3db6d844df652a3d5db31c87fa12757f13691d\antlr4-runtime-4.13.2.jar
Launcher Type: SUN_STANDARD

[Global flags]
     intx CICompilerCount                          = 15                                        {product} {ergonomic}
     uint ConcGCThreads                            = 6                                         {product} {ergonomic}
     uint G1ConcRefinementThreads                  = 23                                        {product} {ergonomic}
   size_t G1HeapRegionSize                         = 4194304                                   {product} {ergonomic}
    uintx GCDrainStackTargetSize                   = 64                                        {product} {ergonomic}
   size_t InitialHeapSize                          = 532676608                                 {product} {ergonomic}
   size_t MarkStackSize                            = 4194304                                   {product} {ergonomic}
   size_t MaxHeapSize                              = 8493465600                                {product} {ergonomic}
   size_t MaxNewSize                               = 5096079360                                {product} {ergonomic}
   size_t MinHeapDeltaBytes                        = 4194304                                   {product} {ergonomic}
   size_t MinHeapSize                              = 8388608                                   {product} {ergonomic}
    uintx NonNMethodCodeHeapSize                   = 8192380                                {pd product} {ergonomic}
    uintx NonProfiledCodeHeapSize                  = 121732930                              {pd product} {ergonomic}
    uintx ProfiledCodeHeapSize                     = 121732930                              {pd product} {ergonomic}
    uintx ReservedCodeCacheSize                    = 251658240                              {pd product} {ergonomic}
     bool SegmentedCodeCache                       = true                                      {product} {ergonomic}
   size_t SoftMaxHeapSize                          = 8493465600                             {manageable} {ergonomic}
     bool UseCompressedOops                        = true                           {product lp64_product} {ergonomic}
     bool UseG1GC                                  = true                                      {product} {ergonomic}
     bool UseLargePagesIndividualAllocation        = false                                  {pd product} {ergonomic}

Logging:
Log output configuration:
 #0: stdout all=warning uptime,level,tags foldmultilines=false
 #1: stderr all=off uptime,level,tags foldmultilines=false

Environment Variables:
JAVA_HOME=C:\Program Files\Amazon Corretto\jdk21.0.4_7
PATH=C:\Python312\Scripts\;C:\Python312\;C:\WINDOWS\system32;C:\WINDOWS;C:\WINDOWS\System32\Wbem;C:\WINDOWS\System32\WindowsPowerShell\v1.0\;C:\WINDOWS\System32\OpenSSH\;C:\Program Files (x86)\NVIDIA Corporation\PhysX\Common;C:\Program Files\NVIDIA Corporation\NVIDIA NvDLISR;C:\Program Files\Git\cmd;C:\maven\apache-maven-3.9.8\bin;C:\Program Files\Amazon Corretto\jdk21.0.4_7\bin;C:\gradle\gradle-8.9\bin;C:\Program Files\nodejs\;C:\ProgramData\chocolatey\bin;C:\Program Files\dotnet\;C:\Program Files\Docker\Docker\resources\bin;C:\Users\Nico\AppData\Local\Microsoft\WindowsApps;C:\Users\Nico\AppData\Local\JetBrains\Toolbox\scripts;C:\Users\Nico\AppData\Roaming\npm;C:\Users\Nico\AppData\Local\Microsoft\WindowsApps;;C:\Program Files\Lens\resources\cli\bin;C:\Users\Nico\AppData\Local\Programs\nu\bin\
USERNAME=Nico
OS=Windows_NT
PROCESSOR_IDENTIFIER=Intel64 Family 6 Model 183 Stepping 1, GenuineIntel
TMP=C:\Users\Nico\AppData\Local\Temp
TEMP=C:\Users\Nico\AppData\Local\Temp




Periodic native trim disabled

---------------  S Y S T E M  ---------------

OS:
 Windows 11 , 64 bit Build 26100 (10.0.26100.3775)
OS uptime: 3 days 23:12 hours
Hyper-V role detected

CPU: total 32 (initial active 32) (16 cores per cpu, 2 threads per core) family 6 model 183 stepping 1 microcode 0x12b, cx8, cmov, fxsr, ht, mmx, 3dnowpref, sse, sse2, sse3, ssse3, sse4.1, sse4.2, popcnt, lzcnt, tsc, tscinvbit, avx, avx2, aes, erms, clmul, bmi1, bmi2, adx, sha, fma, vzeroupper, clflush, clflushopt, clwb, hv, serialize, rdtscp, rdpid, fsrm, f16c, cet_ibt, cet_ss
Processor Information for all 32 processors :
  Max Mhz: 2200, Current Mhz: 2200, Mhz Limit: 2200

Memory: 4k page, system-wide physical 32386M (5117M free)
TotalPageFile size 48770M (AvailPageFile size 654M)
current process WorkingSet (physical memory assigned to process): 2375M, peak: 2431M
current process commit charge ("private bytes"): 2507M, peak: 3224M

vm_info: OpenJDK 64-Bit Server VM (21.0.4+7-LTS) for windows-amd64 JRE (21.0.4+7-LTS), built on 2024-07-10T17:34:29Z by "Administrator" with MS VC++ 16.10 / 16.11 (VS2019)

END.
